name,affiliation,homepage,scholarid,orcid,crawl_date,dblp_profile
Alex Pothen,Purdue University,https://www.cs.purdue.edu/people/faculty/apothen,_Fah5fwAAAAJ,0000-0002-3421-3325,2026-05-01,https://dblp.org/pid/03/854
Alfons Kemper,TU Munich,https://db.in.tum.de/~kemper,5n3YivwAAAAJ,0000-0000-0000-0000,2026-05-01,https://dblp.org/pid/k/AlfonsKemper
Anima Anandkumar,California Inst. of Technology,http://tensorlab.cms.caltech.edu/users/anima,bEcLezcAAAAJ,0000-0002-6974-6797,2026-05-01,https://dblp.org/pid/25/1529
Ashutosh Sabharwal,Rice University,https://ashu.rice.edu,MiqMO-kAAAAJ,0000-0003-1898-5787,2026-05-01,https://dblp.org/pid/45/284
Boaz Barak,Harvard University,http://www.boazbarak.org,XGiiygQAAAAJ,0000-0002-4053-8927,2026-05-01,https://dblp.org/pid/b/BBarak
Constantinos Daskalakis,Massachusetts Inst. of Technology,http://people.csail.mit.edu/costis,iTv2cOgAAAAJ,0000-0002-5451-0490,2026-05-01,https://dblp.org/pid/d/ConstantinosDaskalakis
Craig Gotsman,Technion,http://www.cs.technion.ac.il/~gotsman,0JRBzUEAAAAJ,0000-0001-8579-3588,2026-05-01,https://dblp.org/pid/99/3488
David M. Mount,Univ. of Maryland - College Park,https://www.cs.umd.edu/users/mount,v6PsQKIAAAAJ,0000-0002-3290-8932,2026-05-01,https://dblp.org/pid/m/DavidMMount
Denis Zorin,New York University,http://mrl.nyu.edu/~dzorin,cagVT0AAAAAJ,0000-0001-7733-5501,2026-05-01,https://dblp.org/pid/21/2496
Eric P. Xing,MBZUAI,http://www.cs.cmu.edu/~epxing,5pKTRxEAAAAJ,0000-0000-0000-0000,2026-05-01,https://dblp.org/pid/36/3855
Farinaz Koushanfar,Univ. of California - San Diego,https://farinaz.eng.ucsd.edu/home,3XnMVUAAAAAJ,0000-0003-0798-3794,2026-05-01,https://dblp.org/pid/k/FarinazKoushanfar
Haitao Zheng 0001,University of Chicago,https://people.cs.uchicago.edu/~htzheng,XrIr0nYAAAAJ,0000-0002-5918-2940,2026-05-01,https://dblp.org/pid/20/134-2
Jimmy Lin,University of Waterloo,https://cs.uwaterloo.ca/~jimmylin,0EWw1z8AAAAJ,0000-0002-0661-7189,2026-05-01,https://dblp.org/pid/00/7739
John T. Stasko,Georgia Institute of Technology,http://www.cc.gatech.edu/~john.stasko,2PxFftgAAAAJ,0000-0003-4129-7659,2026-05-01,https://dblp.org/pid/s/JohnTStasko
Maneesh Agrawala,Stanford University,http://graphics.stanford.edu/~maneesh,YPzKczYAAAAJ,0000-0002-8996-7327,2026-05-01,https://dblp.org/pid/64/2431
Manuel V. Hermenegildo,IMDEA Software Institute,http://software.imdea.org/people/manuel.hermenegildo,VXQGJD0AAAAJ,0000-0000-0000-0000,2026-05-01,https://dblp.org/pid/h/ManuelVHermenegildo
Michael Hicks 0001,University of Pennsylvania,https://mhicks.me,Gggzp7UAAAAJ,0000-0002-2759-9223,2026-05-01,https://dblp.org/pid/h/MichaelWHicks
Moinuddin K. Qureshi,Georgia Institute of Technology,http://moin.ece.gatech.edu,EWU0STsAAAAJ,0000-0002-1314-9096,2026-05-01,https://dblp.org/pid/60/6934
Nitesh V. Chawla,University of Notre Dame,http://www3.nd.edu/~nchawla,hDLBEhkAAAAJ,0000-0003-3932-5956,2026-05-01,https://dblp.org/pid/c/NiteshVChawla
Peter A. Boncz,CWI,http://homepages.cwi.nl/~boncz,DCIZE1kAAAAJ,0000-0000-0000-0000,2026-05-01,https://dblp.org/pid/b/PeterABoncz
Radu Marculescu,University of Texas at Austin,https://radum.ece.utexas.edu,ZCmYP5cAAAAJ,0000-0003-1826-7646,2026-05-01,https://dblp.org/pid/88/3494
René Vidal,University of Pennsylvania,https://www.grasp.upenn.edu/people/rene-vidal,uT8fgagAAAAJ,0000-0003-1838-0761,2026-05-01,https://dblp.org/pid/v/ReneVidal
Samir Khuller,Northwestern University,https://www.samirkhuller.com,6vXTtDQAAAAJ,0000-0000-0000-0000,2026-05-01,https://dblp.org/pid/k/SamirKhuller
Sandy Irani,Univ. of California - Irvine,https://www.ics.uci.edu/~irani,dBhm_oIAAAAJ,0000-0000-0000-0000,2026-05-01,https://dblp.org/pid/i/SandyIrani
Sebastian G. Elbaum,University of Virginia,https://engineering.virginia.edu/faculty/sebastian-elbaum,swPW5FYAAAAJ,0000-0001-9592-1352,2026-05-01,https://dblp.org/pid/e/SebastianGElbaum
Sumi Helal,University of Florida,http://www.cise.ufl.edu/~helal,NOSCHOLARPAGE,0000-0001-5451-4398,2026-05-01,https://dblp.org/pid/h/AHelal
Tim Sherwood,Univ. of California - Santa Barbara,https://www.cs.ucsb.edu/~sherwood,nLuHfy4AAAAJ,0000-0000-0000-0000,2026-05-01,https://dblp.org/pid/23/3778
Torsten Hoefler,ETH Zurich,https://htor.inf.ethz.ch,DdBvcBEAAAAJ,0000-0002-1333-9797,2026-05-01,https://dblp.org/pid/16/3869
Wenwu Zhu 0001,Tsinghua University,http://media.cs.tsinghua.edu.cn/en/zww,7t2jzpgAAAAJ,0000-0003-2236-9290,2026-05-01,https://dblp.org/pid/346/0901
Yizhou Yu,University of Hong Kong,https://i.cs.hku.hk/~yzyu,e38fTZQAAAAJ,0000-0002-0470-5548,2026-05-01,https://dblp.org/pid/90/6896
Yuguang Fang,City University of Hong Kong,https://www.cs.cityu.edu.hk/~yugufang,dJgRKmwAAAAJ,0000-0002-1079-3871,2026-05-01,https://dblp.org/pid/f/YuguangFang
Zhendong Su 0001,ETH Zurich,http://web.cs.ucdavis.edu/~su,RivxoIcAAAAJ,0000-0002-2970-1391,2026-05-01,https://dblp.org/pid/197/8311
Alla Sheffer,University of British Columbia,http://www.cs.ubc.ca/~sheffa,IgkGxLsAAAAJ,0000-0001-9251-3716,2026-05-01,https://dblp.org/pid/65/3735
Anind K. Dey,University of Washington,https://ischool.uw.edu/people/faculty/profile/anind,ydA8Q5AAAAAJ,0000-0002-3004-0770,2026-05-01,https://dblp.org/pid/04/4652
Anupam Gupta 0001,New York University,http://www.cs.cmu.edu/~anupamg,QuwaU-8AAAAJ,0000-0001-5579-3405,2026-05-01,https://dblp.org/pid/237/9038
Ben Y. Zhao,University of Chicago,http://people.cs.uchicago.edu/~ravenben,cYReSuEAAAAJ,0009-0003-8909-0494,2026-05-01,https://dblp.org/pid/z/BenYZhao
Bernhard Nebel,University of Freiburg,http://www2.informatik.uni-freiburg.de/~nebel,4MhUHPcAAAAJ,0000-0002-6833-6323,2026-05-01,https://dblp.org/pid/n/BernhardNebel
Brent R. Waters,University of Texas at Austin,https://www.cs.utexas.edu/~bwaters,VEKxHOAAAAAJ,0000-0000-0000-0000,2026-05-01,https://dblp.org/pid/w/BrentWaters
Daniel Cohen-Or,Tel Aviv University,http://www.cs.tau.ac.il/~dcor,fAxws1sAAAAJ,0000-0001-6777-7445,2026-05-01,https://dblp.org/pid/c/DCohenOr
David A. Bader,NJIT,http://www.cc.gatech.edu/~bader,uXUA1pgAAAAJ,0000-0002-7380-5876,2026-05-01,https://dblp.org/pid/41/3005
David R. Kaeli,Northeastern University,http://www.ece.neu.edu/faculty/kaeli.html,Mkgn0qcAAAAJ,0000-0002-5692-0151,2026-05-01,https://dblp.org/pid/k/DavidRKaeli
David Z. Pan,University of Texas at Austin,http://users.ece.utexas.edu/~dpan,3aLlroEAAAAJ,0000-0002-5705-2501,2026-05-01,https://dblp.org/pid/p/DavidZhigangPan
Deepak Ganesan,Univ. of Massachusetts Amherst,https://people.cs.umass.edu/~dganesan,cbTB5-EAAAAJ,0000-0003-2762-9194,2026-05-01,https://dblp.org/pid/g/DeepakGanesan
Elad Hazan,Princeton University,https://www.cs.princeton.edu/~ehazan,LnhCGNMAAAAJ,0000-0002-1566-3216,2026-05-01,https://dblp.org/pid/72/739
Gautam Das 0001,University of Texas at Arlington,http://ranger.uta.edu/~gdas,oleB9xIAAAAJ,0000-0002-4627-9065,2026-05-01,https://dblp.org/pid/44/4238
Hai Li 0001,Duke University,https://ece.duke.edu/people/hai-helen-li,E6Tpfq8AAAAJ,0000-0003-3228-6544,2026-05-01,https://dblp.org/pid/06/5975
Leonard M. Adleman,University of Southern California,https://www.usc.edu/dept/molecular-science/fm-adleman.htm,NOSCHOLARPAGE,0000-0000-0000-0000,2026-05-01,https://dblp.org/pid/a/LeonardMAdleman
Linda Jean Camp,UNC - Charlotte,https://cci.charlotte.edu/people/linda-j-camp,wJPGa2IAAAAJ,0000-0000-0000-0000,2026-05-01,https://dblp.org/pid/72/4476
Luca Trevisan 0001,Bocconi University,https://lucatrevisan.github.io,4yuKD_AAAAAJ,0000-0002-6982-8530,2026-05-01,https://dblp.org/pid/t/LucaTrevisan
Mark Braverman,Princeton University,https://mbraverm.princeton.edu,5elBSHQAAAAJ,0000-0003-1276-6081,2026-05-01,https://dblp.org/pid/16/6136
Matthew T. Mason,Carnegie Mellon University,http://www.cs.cmu.edu/~mason,D_JpQnAAAAAJ,0000-0002-2672-5689,2026-05-01,https://dblp.org/pid/69/5537
Ming-Hsuan Yang 0001,Univ. of California - Merced,https://faculty.ucmerced.edu/mhyang,p9-ohHsAAAAJ,0000-0003-4848-2304,2026-05-01,https://dblp.org/pid/79/3711
Mohammed J. Zaki,Rensselaer Polytechnic Institute,http://www.cs.rpi.edu/~zaki,UmwJklEAAAAJ,0000-0003-4711-0234,2026-05-01,https://dblp.org/pid/z/MohammedJaveedZaki
Munindar P. Singh,North Carolina State University,https://www.csc.ncsu.edu/faculty/mpsingh,qNznu3kAAAAJ,0000-0003-3599-3893,2026-05-01,https://dblp.org/pid/s/MunindarPSingh
Paola Inverardi,GSSI,http://people.disim.univaq.it/inverard,x8XlRFgAAAAJ,0000-0001-6734-1318,2026-05-01,https://dblp.org/pid/i/PaolaInverardi
Ranjit Jhala,Univ. of California - San Diego,https://ranjitjhala.github.io,H3wb878AAAAJ,0000-0002-1802-9421,2026-05-01,https://dblp.org/pid/47/4244
Scott A. Smolka,Stony Brook University,http://www3.cs.stonybrook.edu/~sas,4q-QenMAAAAJ,0000-0000-0000-0000,2026-05-01,https://dblp.org/pid/s/ScottASmolka
Shlomo Zilberstein,Univ. of Massachusetts Amherst,http://rbr.cs.umass.edu/shlomo,q_n7d6EAAAAJ,0000-0001-9817-7848,2026-05-01,https://dblp.org/pid/z/ShlomoZilberstein
Steve Marschner,Cornell University,http://www.cs.cornell.edu/~srm,llo3F3QAAAAJ,0000-0001-9810-0306,2026-05-01,https://dblp.org/pid/m/StephenRMarschner
Sunita Sarawagi,IIT Bombay,https://www.cse.iitb.ac.in/~sunita,Hg4HmTAAAAAJ,0009-0005-9538-6616,2026-05-01,https://dblp.org/pid/s/SunitaSarawagi
Szymon Rusinkiewicz,Princeton University,https://www.cs.princeton.edu/~smr,RaScARwAAAAJ,0000-0002-4253-2588,2026-05-01,https://dblp.org/pid/61/5465
Tajana Rosing,Univ. of California - San Diego,http://cseweb.ucsd.edu/~trosing,CeieiIgAAAAJ,0000-0002-6954-997X,2026-05-01,https://dblp.org/pid/s/TajanaSimunic
Thomas Zimmermann 0001,Univ. of California - Irvine,https://thomas-zimmermann.com,5zvbpooAAAAJ,0000-0003-4905-1469,2026-05-01,https://dblp.org/pid/19/3622-1
Wenping Wang 0001,Texas A&M University,https://i.cs.hku.hk/~wenping,28shvv0AAAAJ,0000-0002-2284-3952,2026-05-01,https://dblp.org/pid/264/1980
Xiaobo Sharon Hu,University of Notre Dame,http://www3.nd.edu/~shu,NOSCHOLARPAGE,0000-0002-6636-9738,2026-05-01,https://dblp.org/pid/h/XiaoboSharonHu
Zachary G. Ives,University of Pennsylvania,http://www.cis.upenn.edu/~zives,2wJaIkEAAAAJ,0000-0001-7527-2957,2026-05-01,https://dblp.org/pid/i/ZacharyGIves
Zygmunt J. Haas,University of Texas at Dallas,http://www.utdallas.edu/~zjh130030,tk8qFe0AAAAJ,0000-0000-0000-0000,2026-05-01,https://dblp.org/pid/h/ZygmuntJHaas
Adi Shamir,Weizmann Institute of Science,https://www.weizmann.ac.il/pages/search/people?language=english&single=1&person_id=1486,EHLBP20AAAAJ,0000-0002-5422-905X,2026-05-01,https://dblp.org/pid/s/AdiShamir
Amit P. Sheth,University of South Carolina,https://www.linkedin.com/in/amitsheth,2T3H4ekAAAAJ,0000-0002-0021-5293,2026-05-01,https://dblp.org/pid/149/1472-1
Andrea C. Arpaci-Dusseau,University of Wisconsin - Madison,http://pages.cs.wisc.edu/~dusseau,8VkvOEEAAAAJ,0000-0001-8618-2738,2026-05-01,https://dblp.org/pid/a/AndreaCArpaciDusseau
Arvind Krishnamurthy,University of Washington,http://www.cs.washington.edu/people/faculty/arvind,EnCwNycAAAAJ,0000-0002-9505-9528,2026-05-01,https://dblp.org/pid/k/AKrishnamurthy
Bonnie J. Dorr,University of Florida,https://www.cise.ufl.edu/~bonniejdorr,jSjEWosAAAAJ,0000-0003-4356-5813,2026-05-01,https://dblp.org/pid/d/BonnieJDorr
Cathy H. Wu,University of Delaware,http://bioinformatics.udel.edu/people/personnel/cathy_wu,eiRdbhsAAAAJ,0000-0001-6379-8601,2026-05-01,https://dblp.org/pid/w/CathyHWu
Chenyang Lu 0001,Washington University in St. Louis,https://www.cs.wustl.edu/~lu,tCq7Wx0AAAAJ,0000-0003-1709-6769,2026-05-01,https://dblp.org/pid/346/0861
Cormac Flanagan,Univ. of California - Santa Cruz,https://users.soe.ucsc.edu/~cormac,XkiApd4AAAAJ,0009-0009-5067-6774,2026-05-01,https://dblp.org/pid/f/CormacFlanagan
Daniel J. Abadi,Univ. of Maryland - College Park,https://www.cs.umd.edu/people/abadi,zxeEF2gAAAAJ,0000-0003-3771-2995,2026-05-01,https://dblp.org/pid/a/DJAbadi
David Brooks 0001,Harvard University,https://www.seas.harvard.edu/directory/dbrooks,vXHA_XYAAAAJ,0000-0002-0662-7889,2026-05-01,https://dblp.org/pid/30/135
David Kotz,Dartmouth College,http://www.cs.dartmouth.edu/~dfk,w_Q7iBoAAAAJ,0000-0001-7411-2783,2026-05-01,https://dblp.org/pid/k/DavidKotz
Filippo Menczer,Indiana University,http://cnets.indiana.edu/fil,f_kGJwkAAAAJ,0000-0003-4384-2876,2026-05-01,https://dblp.org/pid/79/3056
Gordon D. Plotkin,University of Edinburgh,http://homepages.inf.ed.ac.uk/gdp,0KiEfGcAAAAJ,0000-0001-8496-6096,2026-05-01,https://dblp.org/pid/p/GordonDPlotkin
Haesun Park,Georgia Institute of Technology,http://www.cc.gatech.edu/~hpark,G6kA1CMAAAAJ,0000-0001-6259-7170,2026-05-01,https://dblp.org/pid/263/1018
Heng Tao Shen,Tongji University,https://cs.tongji.edu.cn/info/1061/3337.htm,krryaDkAAAAJ,0000-0002-2999-2088,2026-05-01,https://dblp.org/pid/s/HTShen
Holger H. Hoos,RWTH Aachen University,http://hoos.ca,l6c85tMAAAAJ,0000-0003-0629-0099,2026-05-01,https://dblp.org/pid/h/HolgerHHoos
Ihab F. Ilyas,University of Waterloo,https://cs.uwaterloo.ca/~ilyas,YG6mTEIAAAAJ,0000-0001-9052-9714,2026-05-01,https://dblp.org/pid/i/IhabFIlyas
James Allan 0001,Univ. of Massachusetts Amherst,https://ciir.cs.umass.edu/~allan,-bLGeg0AAAAJ,0000-0003-0132-5694,2026-05-01,https://dblp.org/pid/10/4537
Jodi Forlizzi,Carnegie Mellon University,https://www.hcii.cmu.edu/people/jodi-forlizzi,Hyhp_zUAAAAJ,0000-0002-7161-075X,2026-05-01,https://dblp.org/pid/46/4227
John F. Canny,Univ. of California - Berkeley,https://www2.eecs.berkeley.edu/Faculty/Homepages/canny.html,LAv0HTEAAAAJ,0000-0002-7161-7927,2026-05-01,https://dblp.org/pid/c/JohnFCanny
Joost-Pieter Katoen,RWTH Aachen University,http://www-i2.informatik.rwth-aachen.de/~katoen,yjjO5_oAAAAJ,0000-0002-6143-1926,2026-05-01,https://dblp.org/pid/k/JoostPieterKatoen
Kevin Leyton-Brown,University of British Columbia,http://www.cs.ubc.ca/~kevinlb,_4dnp0IAAAAJ,0000-0002-7644-5327,2026-05-01,https://dblp.org/pid/81/1149
Leandros Tassiulas,Yale University,http://seas.yale.edu/faculty-research/faculty-directory/leandros-tassiulas,9qtgcZ8AAAAJ,0000-0000-0000-0000,2026-05-01,https://dblp.org/pid/03/3843
Maja Mataric,University of Southern California,http://robotics.usc.edu/~maja,o5YQMkMAAAAJ,0000-0001-8958-6666,2026-05-01,https://dblp.org/pid/345/2118
Manish Parashar,University of Utah,https://www.sci.utah.edu/people/parashar.html,SCM35lMAAAAJ,0000-0003-0983-7408,2026-05-01,https://dblp.org/pid/p/ManishParashar
Matthew A. Turk,TTI Chicago,https://home.ttic.edu/~mturk,KltleWgAAAAJ,0000-0000-0000-0000,2026-05-01,https://dblp.org/pid/61/3381
Michael O. Rabin,Harvard University,https://www.seas.harvard.edu/directory/rabin,EFZyUcEAAAAJ,0000-0000-0000-0000,2026-05-01,https://dblp.org/pid/r/MORabin
Moni Naor,Weizmann Institute of Science,https://www.weizmann.ac.il/pages/search/people?language=english&single=1&person_id=2337,stSUaHAAAAAJ,0000-0003-3381-0221,2026-05-01,https://dblp.org/pid/n/MoniNaor
Moses Charikar,Stanford University,https://profiles.stanford.edu/moses-charikar,zX3ba1kAAAAJ,0000-0003-0807-3389,2026-05-01,https://dblp.org/pid/c/MosesCharikar
Nam Sung Kim,Univ. of Illinois at Urbana-Champaign,https://fast.ece.illinois.edu,iccBxJIAAAAJ,0000-0002-0442-5634,2026-05-01,https://dblp.org/pid/13/6350
Olga G. Troyanskaya,Princeton University,https://www.cs.princeton.edu/people/profile/ogt,PjCDBjIAAAAJ,0000-0002-5676-5737,2026-05-01,https://dblp.org/pid/09/2486
Patrick Cousot,New York University,http://cs.nyu.edu/~pcousot,mhlvI8wAAAAJ,0000-0003-0101-9953,2026-05-01,https://dblp.org/pid/c/PCousot
Peter Stone 0001,University of Texas at Austin,https://www.cs.utexas.edu/~pstone,qnwjcfAAAAAJ,0000-0000-0000-0000,2026-05-01,https://dblp.org/pid/s/PeterStone
Prakash Panangaden,McGill University,http://www.cs.mcgill.ca/~prakash,IROzEKQAAAAJ,0000-0000-0000-0000,2026-05-01,https://dblp.org/pid/p/PPanangaden
Radhika Nagpal,Princeton University,http://www.radhikanagpal.org,a3ZGDsoAAAAJ,0000-0001-9756-0167,2026-05-01,https://dblp.org/pid/84/5637
Remzi H. Arpaci-Dusseau,University of Wisconsin - Madison,http://pages.cs.wisc.edu/~remzi,C1skWKgAAAAJ,0000-0001-9965-7704,2026-05-01,https://dblp.org/pid/a/RemziHArpaciDusseau
Rick Stevens,University of Chicago,https://cs.uchicago.edu/people/rick-stevens,2oSSsLYAAAAJ,0000-0000-0000-0000,2026-05-01,https://dblp.org/pid/s/RickLStevens
Sam H. Noh,Virginia Tech,https://next.cs.vt.edu,i5lr8uEAAAAJ,0000-0002-9152-0321,2026-05-01,https://dblp.org/pid/81/970
Samuel Madden 0001,Massachusetts Inst. of Technology,http://db.csail.mit.edu/madden,a1ngrCIAAAAJ,0000-0002-7470-3265,2026-05-01,https://dblp.org/pid/m/SamuelMadden
Scott A. Mahlke,University of Michigan,http://web.eecs.umich.edu/~mahlke,-XpZ4fgAAAAJ,0000-0002-0438-0616,2026-05-01,https://dblp.org/pid/m/SAMahlke
Sethuraman Panchanathan,Arizona State University,https://search.asu.edu/profile/88253,GKTKZ8kAAAAJ,0000-0002-8769-6340,2026-05-01,https://dblp.org/pid/31/6591
Shuicheng Yan,National University of Singapore,https://www.comp.nus.edu.sg/cs/people/yansc,DNuiPHwAAAAJ,0000-0001-8906-3777,2026-05-01,https://dblp.org/pid/y/ShuichengYan
Srinivas Aluru,Georgia Institute of Technology,http://www.cc.gatech.edu/~saluru,YOGOScoAAAAJ,0000-0003-4279-469X,2026-05-01,https://dblp.org/pid/a/SAluru
Steven H. Low,California Inst. of Technology,http://www.eas.caltech.edu/people/3109/profile,4BrebIYAAAAJ,0000-0000-0000-0000,2026-05-01,https://dblp.org/pid/l/StevenHLow
Steven Salzberg,Johns Hopkins University,https://salzberg-lab.org,sUVeH-4AAAAJ,0000-0002-8859-7432,2026-05-01,https://dblp.org/pid/s/StevenSalzberg
Thomas Eiter,TU Wien,http://www.kr.tuwien.ac.at/staff/eiter,X1L03cIAAAAJ,0000-0000-0000-0000,2026-05-01,https://dblp.org/pid/e/TEiter
Toby Walsh,UNSW,http://www.cse.unsw.edu.au/~tw,oOQ6x0IAAAAJ,0000-0000-0000-0000,2026-05-01,https://dblp.org/pid/86/2576
Volker Markl,TU Berlin,https://www.dima.tu-berlin.de/menue/mitarbeiter/volker_markl/parameter/de,el2k_oIAAAAJ,0009-0009-0964-026X,2026-05-01,https://dblp.org/pid/m/VMarkl
Wil M. P. van der Aalst,RWTH Aachen University,http://www.vdaalst.com,aSZYyxIAAAAJ,0000-0000-0000-0000,2026-05-01,https://dblp.org/pid/a/WilMPvanderAalst
Yufei Tao 0001,Chinese University of Hong Kong,http://www.cse.cuhk.edu.hk/~taoyf,3FmJBHkAAAAJ,0000-0003-3883-5452,2026-05-01,https://dblp.org/pid/t/YufeiTao
Claire Cardie,Cornell University,http://www.cs.cornell.edu/home/cardie,ex9BQiIAAAAJ,0000-0002-2061-6094,2026-05-01,https://dblp.org/pid/c/ClaireCardie
Dacheng Tao,Nanyang Technological University,https://dr.ntu.edu.sg/cris/rp/rp02343,RwlJNLcAAAAJ,0000-0001-7225-5449,2026-05-01,https://dblp.org/pid/46/3391
Darrell Whitley,Colorado State University,http://www.cs.colostate.edu/~whitley,0VzUxIcAAAAJ,0000-0002-2752-6534,2026-05-01,https://dblp.org/pid/w/LDarrellWhitley
Dawn Song,Univ. of California - Berkeley,https://www2.eecs.berkeley.edu/Faculty/Homepages/song.html,84WzBlYAAAAJ,0000-0001-9745-6802,2026-05-01,https://dblp.org/pid/s/DXSong
Diana Marculescu,University of Texas at Austin,https://www.ece.utexas.edu/people/faculty/diana-marculescu,MRHzTAIAAAAJ,0000-0002-5734-4221,2026-05-01,https://dblp.org/pid/59/2715
Giovanni Vigna,Univ. of California - Santa Barbara,https://www.cs.ucsb.edu/~vigna,2eM6GocAAAAJ,0000-0002-3422-5369,2026-05-01,https://dblp.org/pid/v/GiovanniVigna
Hanspeter Pfister,Harvard University,https://www.seas.harvard.edu/directory/pfister,tvBEoaMAAAAJ,0000-0002-3620-2582,2026-05-01,https://dblp.org/pid/p/HanspeterPfister
Jason Nieh,Columbia University,https://www.cs.columbia.edu/~nieh,UGrnqBUAAAAJ,0009-0005-8301-4479,2026-05-01,https://dblp.org/pid/n/JasonNieh
Jeffrey S. Rosenschein,Hebrew University of Jerusalem,http://www.cs.huji.ac.il/~jeff,YO7cKNMAAAAJ,0000-0000-0000-0000,2026-05-01,https://dblp.org/pid/r/JeffreySRosenschein
Kavita Bala,Cornell University,http://www.cs.cornell.edu/~kb,Rh16nsIAAAAJ,0000-0001-9761-6503,2026-05-01,https://dblp.org/pid/b/KavitaBala
Lise Getoor,Univ. of California - Santa Cruz,https://www.soe.ucsc.edu/people/getoor,Y8-xGncAAAAJ,0000-0000-0000-0000,2026-05-01,https://dblp.org/pid/g/LiseGetoor
Magdalena Balazinska,University of Washington,http://www.cs.washington.edu/people/faculty/magda,DDxFvcIAAAAJ,0000-0002-6805-0325,2026-05-01,https://dblp.org/pid/b/MagdalenaBalazinska
Maria L. Gini,University of Minnesota,http://umn.edu/home/gini,2ewb-10AAAAJ,0000-0001-8841-1055,2026-05-01,https://dblp.org/pid/g/MariaLGini
Matthew B. Dwyer,University of Virginia,http://matthewbdwyer.github.io,-ZRKCcEAAAAJ,0000-0002-1937-1544,2026-05-01,https://dblp.org/pid/d/MatthewBDwyer
Michael J. Freedman,Princeton University,http://www.cs.princeton.edu/~mfreed,BFE6IQwAAAAJ,0000-0002-5305-2395,2026-05-01,https://dblp.org/pid/65/1370
Mihai Pop,Univ. of Maryland - College Park,https://www.cs.umd.edu/people/mpop,4glkLD0AAAAJ,0000-0001-9617-5304,2026-05-01,https://dblp.org/pid/293/3689
Moshe Tennenholtz,Technion,https://web.iem.technion.ac.il/en/people/userprofile/Moshet.html,NOSCHOLARPAGE,0000-0002-9459-5388,2026-05-01,https://dblp.org/pid/t/MosheTennenholtz
Nisheeth K. Vishnoi,Yale University,https://cpsc.yale.edu/people/nisheeth-vishnoi,7b5tlJkAAAAJ,0000-0002-0255-1119,2026-05-01,https://dblp.org/pid/02/2229
Noshir Contractor,Northwestern University,https://nosh.northwestern.edu,Fqw9o84AAAAJ,0000-0000-0000-0000,2026-05-01,https://dblp.org/pid/84/4114
Paul Beame,University of Washington,http://www.cs.washington.edu/people/faculty/beame,plYoF-MAAAAJ,0000-0002-2666-3545,2026-05-01,https://dblp.org/pid/b/PaulBeame
Prashant J. Shenoy,Univ. of Massachusetts Amherst,https://people.cs.umass.edu/~shenoy,TciP6mcAAAAJ,0000-0002-5435-1901,2026-05-01,https://dblp.org/pid/s/PrashantJShenoy
Rada Mihalcea,University of Michigan,https://web.eecs.umich.edu/~mihalcea,UetM7FgAAAAJ,0000-0000-0000-0000,2026-05-01,https://dblp.org/pid/m/RadaMihalcea
Robin R. Murphy,Texas A&M University,http://faculty.cs.tamu.edu/murphy,SIcRijoAAAAJ,0000-0000-0000-0000,2026-05-01,https://dblp.org/pid/71/3442
Salvatore J. Stolfo,Columbia University,http://www.cs.columbia.edu/~sal,DknsgF8AAAAJ,0000-0000-0000-0000,2026-05-01,https://dblp.org/pid/s/SalvatoreJStolfo
Saman P. Amarasinghe,Massachusetts Inst. of Technology,http://people.csail.mit.edu/saman,cF6i_goAAAAJ,0000-0002-7231-7643,2026-05-01,https://dblp.org/pid/a/SPAmarasinghe
Sheila A. McIlraith,University of Toronto,http://www.cs.toronto.edu/~sheila,ny2zuvMAAAAJ,0000-0003-4953-0945,2026-05-01,https://dblp.org/pid/66/3221
Songwu Lu,Univ. of California - Los Angeles,http://www.cs.ucla.edu/~slu,PVdTviYAAAAJ,0000-0003-3779-0918,2026-05-01,https://dblp.org/pid/55/758
Srdjan Capkun,ETH Zurich,http://www.syssec.ethz.ch/people/capkun,VtkPBNsAAAAJ,0000-0001-5727-3673,2026-05-01,https://dblp.org/pid/51/1639
Srinivasan Seshan,Carnegie Mellon University,http://www.cs.cmu.edu/~srini,0irVeiQAAAAJ,0000-0002-9508-2066,2026-05-01,https://dblp.org/pid/s/SrinivasanSeshan
Subbarao Kambhampati,Arizona State University,http://rakaposhi.eas.asu.edu,yl3L07sAAAAJ,0000-0000-0000-0000,2026-05-01,https://dblp.org/pid/k/SKambhampati
Tarek F. Abdelzaher,Univ. of Illinois at Urbana-Champaign,http://web.engr.illinois.edu/~zaher,cA28Zs0AAAAJ,0000-0003-3883-7220,2026-05-01,https://dblp.org/pid/a/TarekFAbdelzaher
Timothy M. Chan,Univ. of Illinois at Urbana-Champaign,http://tmc.web.engr.illinois.edu,CiesWGcAAAAJ,0000-0000-0000-0000,2026-05-01,https://dblp.org/pid/95/5439
Vincent Conitzer,Carnegie Mellon University,https://users.cs.duke.edu/~conitzer,juRk4lQAAAAJ,0000-0003-1899-7884,2026-05-01,https://dblp.org/pid/c/VincentConitzer
Xiangyang Li 0001,USTC,http://staff.ustc.edu.cn/~xiangyangli,JURtNb0AAAAJ,0000-0002-6070-6625,2026-05-01,https://dblp.org/pid/l/XiangYangLi
Xilin Chen 0001,Chinese Academy of Sciences,http://vipl.ict.ac.cn/view_people.php?url=xlchen&id=13,vVx2v20AAAAJ,0000-0003-3024-4404,2026-05-01,https://dblp.org/pid/c/XilinChen
Adnan Darwiche,Univ. of California - Los Angeles,http://www.cs.ucla.edu/~darwiche,pygPWvEAAAAJ,0000-0000-0000-0000,2026-05-01,https://dblp.org/pid/p/ADarwiche
Alex C. Snoeren,Univ. of California - San Diego,http://cseweb.ucsd.edu/~snoeren,lBzZU1IAAAAJ,0000-0001-5679-3888,2026-05-01,https://dblp.org/pid/s/AlexCSnoeren
Amit Sahai,Univ. of California - Los Angeles,http://www.cs.ucla.edu/~sahai,gqB23VMAAAAJ,0000-0003-2216-9600,2026-05-01,https://dblp.org/pid/s/AmitSahai
Amy S. Bruckman,Georgia Institute of Technology,http://www.cc.gatech.edu/fac/Amy.Bruckman,IdWa_JkAAAAJ,0000-0003-3731-7047,2026-05-01,https://dblp.org/pid/b/AmyBruckman
Bangalore S. Manjunath,Univ. of California - Santa Barbara,https://vision.ece.ucsb.edu/people/bs-manjunath,wRYM4qgAAAAJ,0000-0000-0000-0000,2026-05-01,https://dblp.org/pid/m/BSManjunath
Bhavani Thuraisingham,University of Texas at Dallas,http://www.utdallas.edu/~bhavani.thuraisingham,o_xUNWkAAAAJ,0000-0003-4653-2080,2026-05-01,https://dblp.org/pid/t/BMThuraisingham
Bruce M. Maggs,Duke University,https://users.cs.duke.edu/~bmm,Gwrwxa0AAAAJ,0000-0000-0000-0000,2026-05-01,https://dblp.org/pid/m/BruceMMaggs
Charles Lee Isbell Jr.,Georgia Institute of Technology,http://www.cc.gatech.edu/fac/Charles.Isbell,NOSCHOLARPAGE,0000-0000-0000-0000,2026-05-01,https://dblp.org/pid/i/LCIsbell
Dan Halperin,Tel Aviv University,http://acg.cs.tau.ac.il/danhalperin,NOSCHOLARPAGE,0000-0002-3345-3765,2026-05-01,https://dblp.org/pid/h/DanHalperin
David A. Basin,ETH Zurich,https://www.inf.ethz.ch/personal/basin,NOSCHOLARPAGE,0000-0001-9271-0007,2026-05-01,https://dblp.org/pid/b/DavidABasin
David C. Parkes,Harvard University,http://www.eecs.harvard.edu/~parkes,JUn8PgwAAAAJ,0000-0002-2701-3464,2026-05-01,https://dblp.org/pid/198/5164
Elizabeth M. Belding,Univ. of California - Santa Barbara,http://people.cs.ucsb.edu/ebelding/front-page,NOSCHOLARPAGE,0000-0002-2155-6740,2026-05-01,https://dblp.org/pid/b/EMBeldingRoyer
Huan Liu 0001,Arizona State University,http://www.public.asu.edu/~huanliu,Dzf46C8AAAAJ,0000-0002-3264-7904,2026-05-01,https://dblp.org/pid/226/0686
Jessica K. Hodgins,Carnegie Mellon University,http://www.cs.cmu.edu/~jkh,NOSCHOLARPAGE,0000-0002-1778-883X,2026-05-01,https://dblp.org/pid/75/3852
Jiebo Luo 0001,University of Rochester,http://www.cs.rochester.edu/u/jluo,CcbnBvgAAAAJ,0000-0002-4516-9729,2026-05-01,https://dblp.org/pid/25/5545
John Hughes 0001,Chalmers/GU,https://www.chalmers.se/en/staff/Pages/rjmh.aspx,adD4xmAAAAAJ,0000-0000-0000-0000,2026-05-01,https://dblp.org/pid/h/JohnHughes
Juan E. Gilbert,University of Florida,https://www.cise.ufl.edu/people/faculty/jgilbert,FKbHXRUAAAAJ,0000-0002-6801-2206,2026-05-01,https://dblp.org/pid/01/6747
Katy Börner,Indiana University,http://info.ils.indiana.edu/~katy,YirSp_cAAAAJ,0000-0002-3321-6137,2026-05-01,https://dblp.org/pid/b/KatyBorner
Lili Qiu,University of Texas at Austin,https://www.cs.utexas.edu/~lili,16posrQAAAAJ,0009-0003-8131-7439,2026-05-01,https://dblp.org/pid/54/4031
Lillian Lee,Cornell University,http://www.cs.cornell.edu/home/llee,oJESe-cAAAAJ,0000-0003-4770-1712,2026-05-01,https://dblp.org/pid/l/LillianLee
Michael L. Littman,Brown University,http://cs.brown.edu/~mlittman,Jj00ksMAAAAJ,0000-0002-5596-1840,2026-05-01,https://dblp.org/pid/181/2369
N. Asokan,University of Waterloo,https://cs.uwaterloo.ca/about/people/n-asokan,0MqQ8AgAAAAJ,0000-0002-5093-9871,2026-05-01,https://dblp.org/pid/255/1899
Salil P. Vadhan,Harvard University,http://www.eecs.harvard.edu/~salil,37frPb8AAAAJ,0000-0002-4059-4072,2026-05-01,https://dblp.org/pid/v/SPVadhan
Sandhya Dwarkadas,University of Virginia,https://engineering.virginia.edu/faculty/sandhya-dwarkadas,L1pb8GUAAAAJ,0000-0003-2631-8191,2026-05-01,https://dblp.org/pid/62/1421
Sanjeev Khanna,New York University,http://www.cis.upenn.edu/~sanjeev,HriWXcEAAAAJ,0009-0000-2601-1689,2026-05-01,https://dblp.org/pid/k/SanjeevKhanna
Steven Feiner,Columbia University,http://www.cs.columbia.edu/~feiner,PogsVkYAAAAJ,0000-0001-9978-7090,2026-05-01,https://dblp.org/pid/f/StevenFeiner
Tamal K. Dey,Purdue University,https://www.cs.purdue.edu/homes/tamaldey,k7VhUnAAAAAJ,0000-0000-0000-0000,2026-05-01,https://dblp.org/pid/d/TamalKDey
Tian He 0001,University of Minnesota,http://www-users.cs.umn.edu/~tianhe,hc1m_BQAAAAJ,0000-0002-8113-1170,2026-05-01,https://dblp.org/pid/220/1672
Tim Finin,Univ. of Maryland - Baltimore County,http://umbc.edu/~finin,p5oWQ0AAAAAJ,0000-0002-6593-1792,2026-05-01,https://dblp.org/pid/f/TWFinin
Toniann Pitassi,Columbia University,https://www.cs.toronto.edu/~toni,NOSCHOLARPAGE,0000-0002-8668-2174,2026-05-01,https://dblp.org/pid/p/TPitassi
Vishal Misra,Columbia University,http://www.cs.columbia.edu/~misra,9hPnkXsAAAAJ,0000-0000-0000-0000,2026-05-01,https://dblp.org/pid/29/6724
Wendi Beth Heinzelman,University of Rochester,http://www2.ece.rochester.edu/~wheinzel,myYVVuYAAAAJ,0000-0000-0000-0000,2026-05-01,https://dblp.org/pid/h/WendiRabinerHeinzelman
Aarti Gupta,Princeton University,https://www.cs.princeton.edu/people/profile/aartig,S_jYB2sAAAAJ,0000-0001-6676-9400,2026-05-01,https://dblp.org/pid/18/2229
Aidong Zhang 0001,University of Virginia,https://engineering.virginia.edu/faculty/aidong-zhang,O8XxkE4AAAAJ,0000-0001-9723-3246,2026-05-01,https://dblp.org/pid/z/AidongZhang
Anand Sivasubramaniam,Pennsylvania State University,http://www.cse.psu.edu/~axs53,JWXlepgAAAAJ,0000-0001-6173-687X,2026-05-01,https://dblp.org/pid/72/3356
Andreas Moshovos,University of Toronto,https://www.eecg.utoronto.ca/~moshovos/000/doku.php,D2VLt-8AAAAJ,0000-0001-7768-367X,2026-05-01,https://dblp.org/pid/m/AndreasMoshovos
Balaji Prabhakar,Stanford University,http://web.stanford.edu/~balaji,TyPF9V4AAAAJ,0009-0006-3106-8720,2026-05-01,https://dblp.org/pid/48/1750
Carla P. Gomes,Cornell University,http://www.cs.cornell.edu/gomes,3hdbdBoAAAAJ,0000-0000-0000-0000,2026-05-01,https://dblp.org/pid/65/2687
Edouard Bugnion,EPFL,https://people.epfl.ch/edouard.bugnion,8ztj2yEAAAAJ,0000-0001-7237-6929,2026-05-01,https://dblp.org/pid/b/EBugnion
Edward W. Knightly,Rice University,http://knightly.rice.edu,-0vALDMAAAAJ,0000-0002-8663-0438,2026-05-01,https://dblp.org/pid/k/EWKnightly
Gail C. Murphy,University of British Columbia,http://www.cs.ubc.ca/~murphy,EGA1deoAAAAJ,0000-0000-0000-0000,2026-05-01,https://dblp.org/pid/95/712
Gregory D. Hager,Johns Hopkins University,http://www.cs.jhu.edu/~hager,ivApfKcAAAAJ,0000-0002-6662-9763,2026-05-01,https://dblp.org/pid/12/5814
Insup Lee 0001,University of Pennsylvania,http://www.cis.upenn.edu/~lee,kBGGEjUAAAAJ,0000-0003-2672-1132,2026-05-01,https://dblp.org/pid/l/InsupLee
K. K. Ramakrishnan,Univ. of California - Riverside,http://www.cs.ucr.edu/~kk,Da-s1FQAAAAJ,0000-0003-1849-5155,2026-05-01,https://dblp.org/pid/r/KKRamakrishnan
Lars Birkedal,Aarhus University,http://cs.au.dk/~birke,1rW-bi0AAAAJ,0000-0003-1320-0098,2026-05-01,https://dblp.org/pid/31/910
Mani B. Srivastava,Univ. of California - Los Angeles,http://www.ee.ucla.edu/mani-srivastava,X2Qs7XYAAAAJ,0000-0002-3782-9192,2026-05-01,https://dblp.org/pid/s/ManiBSrivastava
Margaret Burnett,Oregon State University,http://eecs.oregonstate.edu/~burnett,Vc58tYYAAAAJ,0000-0001-6536-7629,2026-05-01,https://dblp.org/pid/b/MMBurnett
Martin Grohe,RWTH Aachen University,https://www.lics.rwth-aachen.de/cms/LICS/Der-Lehrstuhl/Team/Dozierende/~ocwf/Martin-Grohe,Sou5ih0AAAAJ,0000-0002-0292-9142,2026-05-01,https://dblp.org/pid/g/MGrohe
Martin D. F. Wong,Hong Kong Baptist University,https://www.hkbu.edu.hk/en/about/university-officers/professor-martin-wong.html,WPhoQiUAAAAJ,0000-0001-8274-9688,2026-05-01,https://dblp.org/pid/342/1326
Mor Harchol-Balter,Carnegie Mellon University,http://www.cs.cmu.edu/~harchol,Ooc7UNUAAAAJ,0000-0003-1721-6759,2026-05-01,https://dblp.org/pid/01/3967
Ravi Ramamoorthi,Univ. of California - San Diego,https://cseweb.ucsd.edu/~ravir,q0MzO6cAAAAJ,0000-0003-3993-5789,2026-05-01,https://dblp.org/pid/88/6919
Shafi Goldwasser,Univ. of California - Berkeley,https://www2.eecs.berkeley.edu/Faculty/Homepages/goldwasser.html,NOSCHOLARPAGE,0000-0003-4728-1535,2026-05-01,https://dblp.org/pid/g/ShafiGoldwasser
Shih-Fu Chang,Columbia University,http://www.ee.columbia.edu/~sfchang,OMVTRscAAAAJ,0000-0000-0000-0000,2026-05-01,https://dblp.org/pid/c/ShihFuChang
Silvio Micali,Massachusetts Inst. of Technology,https://people.csail.mit.edu/silvio,NOSCHOLARPAGE,0000-0000-0000-0000,2026-05-01,https://dblp.org/pid/49/5661
Tomás Lozano-Pérez,Massachusetts Inst. of Technology,http://people.csail.mit.edu/tlp,NOSCHOLARPAGE,0000-0000-0000-0000,2026-05-01,https://dblp.org/pid/90/752
Venkatesan Guruswami,Univ. of California - Berkeley,https://people.eecs.berkeley.edu/~venkatg,Es6jE1kAAAAJ,0000-0001-7926-3396,2026-05-01,https://dblp.org/pid/g/VenkatesanGuruswami
Yvonne Rogers,University College London,https://uclic.ucl.ac.uk/people/yvonne-rogers,qzcYcEAAAAAJ,0000-0001-7612-0234,2026-05-01,https://dblp.org/pid/r/YvonneRogers
Adrian Perrig,ETH Zurich,http://www.netsec.ethz.ch/people/aperrig,n-Oret4AAAAJ,0000-0002-5280-5412,2026-05-01,https://dblp.org/pid/16/6873
Anne-Marie Kermarrec,EPFL,https://people.epfl.ch/anne-marie.kermarrec,aIAy-qcAAAAJ,0000-0001-8187-724X,2026-05-01,https://dblp.org/pid/86/676
Carla E. Brodley,Northeastern University,http://www.ccis.northeastern.edu/people/carla-brodley,sQ8u6h4AAAAJ,0009-0008-2134-6285,2026-05-01,https://dblp.org/pid/24/1941
Carlo Tomasi,Duke University,https://users.cs.duke.edu/~tomasi,xViwZ0QAAAAJ,0000-0001-6104-6641,2026-05-01,https://dblp.org/pid/24/2162
Christos Kozyrakis,Stanford University,http://csl.stanford.edu/~christos,G2EJz5kAAAAJ,0000-0002-3154-7530,2026-05-01,https://dblp.org/pid/k/ChristoforosEKozyrakis
Dan Boneh,Stanford University,http://crypto.stanford.edu/~dabo,MwLqCs4AAAAJ,0000-0003-0820-0421,2026-05-01,https://dblp.org/pid/b/DanBoneh
Daniel Jackson 0001,Massachusetts Inst. of Technology,http://people.csail.mit.edu/dnj,_hAP7BgAAAAJ,0000-0003-4864-078X,2026-05-01,https://dblp.org/pid/80/1906-2
David Peleg,Weizmann Institute of Science,https://www.weizmann.ac.il/pages/search/people?language=english&single=1&person_id=1883,wBVagosAAAAJ,0000-0003-1590-0506,2026-05-01,https://dblp.org/pid/p/DavidPeleg
Erik D. Demaine,Massachusetts Inst. of Technology,http://erikdemaine.org,6Ff2c8wAAAAJ,0000-0000-0000-0000,2026-05-01,https://dblp.org/pid/d/ErikDDemaine
Frédo Durand,Massachusetts Inst. of Technology,http://people.csail.mit.edu/fredo,NJ9c4ygAAAAJ,0000-0001-9919-069X,2026-05-01,https://dblp.org/pid/87/2617
Holly E. Rushmeier,Yale University,http://graphics.cs.yale.edu/holly,saY3qN5NWbcC,0000-0001-5241-0886,2026-05-01,https://dblp.org/pid/13/6571
James A. Hendler,Rensselaer Polytechnic Institute,http://www.cs.rpi.edu/~hendler,JNPbTdIAAAAJ,0000-0003-3056-1960,2026-05-01,https://dblp.org/pid/h/JamesAHendler
James A. Landay,Stanford University,https://profiles.stanford.edu/james-landay,oQsObk0AAAAJ,0000-0003-1520-8894,2026-05-01,https://dblp.org/pid/l/JamesALanday
Justine Cassell,Carnegie Mellon University,https://www.hcii.cmu.edu/people/justine-cassell,wkC9xHMAAAAJ,0000-0000-0000-0000,2026-05-01,https://dblp.org/pid/61/1634
Louiqa Raschid,Univ. of Maryland - College Park,https://www.cs.umd.edu/people/lraschid,MD8nInYAAAAJ,0000-0002-0630-6049,2026-05-01,https://dblp.org/pid/r/LouiqaRaschid
Luca Benini,ETH Zurich,https://www.ee.ethz.ch/the-department/people-a-z/person-detail.html?persid=194234,8riq3sYAAAAJ,0000-0001-8068-3806,2026-05-01,https://dblp.org/pid/b/LucaBenini
Marta Kwiatkowska,University of Oxford,http://www.cs.ox.ac.uk/marta.kwiatkowska,ArcH6PkAAAAJ,0000-0001-9022-7599,2026-05-01,https://dblp.org/pid/k/MartaZKwiatkowska
Martin L. Kersten,CWI,http://homepages.cwi.nl/~mk,Kr6jppsAAAAJ,0000-0000-0000-0000,2026-05-01,https://dblp.org/pid/k/MartinLKersten
Michael E. Saks,Rutgers University,https://sites.math.rutgers.edu/~saks,mu2I688AAAAJ,0000-0003-1659-7190,2026-05-01,https://dblp.org/pid/s/MichaelESaks
Monika Henzinger,IST Austria,https://ist.ac.at/de/forschung/henzinger_monika-gruppe,NXbggxYAAAAJ,0000-0002-5008-6530,2026-05-01,https://dblp.org/pid/h/MonikaRauchHenzinger
Nick Feamster,University of Chicago,https://people.cs.uchicago.edu/~feamster,xYfYnG4AAAAJ,0000-0001-9315-5201,2026-05-01,https://dblp.org/pid/87/840
Paul Barford,University of Wisconsin - Madison,http://pages.cs.wisc.edu/~pb,4uypulQAAAAJ,0000-0001-7874-1819,2026-05-01,https://dblp.org/pid/b/PaulBarford
Robert J. K. Jacob,Tufts University,http://www.cs.tufts.edu/~jacob,NOSCHOLARPAGE,0000-0002-5983-7388,2026-05-01,https://dblp.org/pid/j/RobertJKJacob
Shwetak N. Patel,University of Washington,http://abstract.cs.washington.edu/~shwetak,z4S5rC0AAAAJ,0000-0002-6300-4389,2026-05-01,https://dblp.org/pid/p/ShwetakNPatel
Somesh Jha,University of Wisconsin - Madison,http://pages.cs.wisc.edu/~jha,BaI7l8QAAAAJ,0000-0001-5877-0436,2026-05-01,https://dblp.org/pid/j/SomeshJha
Todd C. Mowry,Carnegie Mellon University,http://www.cs.cmu.edu/~tcm,MYsIXF4AAAAJ,0000-0003-4076-5684,2026-05-01,https://dblp.org/pid/65/4120
Valerie Taylor 0001,Texas A&M University,https://engineering.tamu.edu/cse/people/vtaylor,UUWrt60AAAAJ,0000-0000-0000-0000,2026-05-01,https://dblp.org/pid/50/1380
William T. Freeman,Massachusetts Inst. of Technology,https://billf.mit.edu,0zZnyMEAAAAJ,0000-0002-2231-7995,2026-05-01,https://dblp.org/pid/86/6650
Zhi-Hua Zhou,Nanjing University,https://cs.nju.edu.cn/zhouzh,rSVIHasAAAAJ,0000-0003-0746-1494,2026-05-01,https://dblp.org/pid/z/ZhiHuaZhou
Anastasia Ailamaki,EPFL,https://people.epfl.ch/anastasia.ailamaki,YdrkeNwAAAAJ,0000-0002-9949-3639,2026-05-01,https://dblp.org/pid/a/AnastassiaAilamaki
Assaf Schuster,Technion,http://assaf.net.technion.ac.il,KfwgjswAAAAJ,0000-0000-0000-0000,2026-05-01,https://dblp.org/pid/s/AssafSchuster
Babak Falsafi,EPFL,http://parsa.epfl.ch/~falsafi,LaNEuBUAAAAJ,0000-0001-5916-8068,2026-05-01,https://dblp.org/pid/f/BabakFalsafi
Bing Liu 0001,University of Illinois at Chicago,https://www.cs.uic.edu/~liub,Kt1bjZoAAAAJ,0000-0000-0000-0000,2026-05-01,https://dblp.org/pid/97/4797
Chih-Jen Lin,National Taiwan University,https://www.csie.ntu.edu.tw/~cjlin,SLMkts8AAAAJ,0000-0003-4684-8747,2026-05-01,https://dblp.org/pid/61/1218
Cynthia Dwork,Harvard University,https://seas.harvard.edu/person/cynthia-dwork,y2H5xmkAAAAJ,0000-0001-7177-3738,2026-05-01,https://dblp.org/pid/83/6616
David M. Blei,Columbia University,http://www.cs.columbia.edu/~blei,8OYE6iEAAAAJ,0000-0000-0000-0000,2026-05-01,https://dblp.org/pid/86/1910
Elizabeth D. Mynatt,Northeastern University,https://www.khoury.northeastern.edu/people/elizabeth-mynatt,l7nsfT4AAAAJ,0000-0001-8486-9384,2026-05-01,https://dblp.org/pid/m/ElizabethDMynatt
Frank Pfenning,Carnegie Mellon University,http://www.cs.cmu.edu/~fp,ghWKWBUAAAAJ,0000-0002-8279-5817,2026-05-01,https://dblp.org/pid/p/FPfenning
Giuseppe De Giacomo,Sapienza University of Rome,http://www.diag.uniroma1.it/degiacomo,Sfo4K0oAAAAJ,0000-0000-0000-0000,2026-05-01,https://dblp.org/pid/g/GDGiacomo
Jayant R. Haritsa,IISc Bangalore,http://dsl.cds.iisc.ac.in/~haritsa,dc626ewAAAAJ,0000-0000-0000-0000,2026-05-01,https://dblp.org/pid/h/JayantRHaritsa
Julia Hirschberg,Columbia University,http://www.cs.columbia.edu/~julia,Qrd7FCoAAAAJ,0000-0003-0689-7616,2026-05-01,https://dblp.org/pid/h/JuliaHirschberg
Kevin Skadron,University of Virginia,http://www.cs.virginia.edu/skadron,Q-As1CEAAAAJ,0000-0002-8091-9302,2026-05-01,https://dblp.org/pid/s/KevinSkadron
Michael Rung-Tsong Lyu,Chinese University of Hong Kong,http://www.cse.cuhk.edu.hk/lyu,uQnBgK0AAAAJ,0000-0000-0000-0000,2026-05-01,https://dblp.org/pid/l/MichaelRLyu
Michael Wooldridge,University of Oxford,http://www.cs.ox.ac.uk/people/michael.wooldridge,JD8v9fkAAAAJ,0000-0002-9329-8410,2026-05-01,https://dblp.org/pid/56/389
Naehyuck Chang,KAIST,http://www.cad4x.kaist.ac.kr/professor,w0uiMd4AAAAJ,0000-0000-0000-0000,2026-05-01,https://dblp.org/pid/84/5634
Nancy M. Amato,Univ. of Illinois at Urbana-Champaign,https://parasollab.web.illinois.edu/people/amato,AmaB9c4AAAAJ,0000-0000-0000-0000,2026-05-01,https://dblp.org/pid/a/NMAmato
Paul Dourish,Univ. of California - Irvine,http://www.dourish.com,wyCIJfQAAAAJ,0000-0000-0000-0000,2026-05-01,https://dblp.org/pid/97/936
Piotr Indyk,Massachusetts Inst. of Technology,https://people.csail.mit.edu/indyk,oOwNKsAAAAAJ,0000-0000-0000-0000,2026-05-01,https://dblp.org/pid/i/PiotrIndyk
Santosh Vempala,Georgia Institute of Technology,http://www.cc.gatech.edu/~vempala,hRggMmIAAAAJ,0000-0000-0000-0000,2026-05-01,https://dblp.org/pid/v/SantoshVempala
Shmuel Sagiv,Tel Aviv University,http://www.cs.tau.ac.il/~msagiv,j4UuW80AAAAJ,0000-0000-0000-0000,2026-05-01,https://dblp.org/pid/s/SSagiv
Tandy J. Warnow,Univ. of Illinois at Urbana-Champaign,https://tandy.cs.illinois.edu,pPB_WK0AAAAJ,0000-0001-7717-3514,2026-05-01,https://dblp.org/pid/w/TandyWarnow
Tei-Wei Kuo,National Taiwan University,https://www.csie.ntu.edu.tw/~ktw,gBuHlIQAAAAJ,0000-0003-1974-0394,2026-05-01,https://dblp.org/pid/07/3181
Ueli M. Maurer,ETH Zurich,https://www.crypto.ethz.ch/~maurer,TSsq3GMAAAAJ,0000-0000-0000-0000,2026-05-01,https://dblp.org/pid/m/UMMaurer
Xavier Leroy,INRIA,https://xavierleroy.org,K5yXAeAAAAAJ,0000-0002-8971-9171,2026-05-01,https://dblp.org/pid/03/352
Yunhao Liu 0001,Tsinghua University,https://people.gix.tsinghua.edu.cn/yunhao,hon00PIAAAAJ,0000-0001-8052-9200,2026-05-01,https://dblp.org/pid/342/2592
Alan Bundy,University of Edinburgh,https://sweb.inf.ed.ac.uk/bundy,n7STZEYAAAAJ,0000-0002-0578-6474,2026-05-01,https://dblp.org/pid/b/AlanBundy
Allan Borodin,University of Toronto,http://www.cs.toronto.edu/~bor,VIFfuYgAAAAJ,0000-0000-0000-0000,2026-05-01,https://dblp.org/pid/02/5164
Aravind Srinivasan,Univ. of Maryland - College Park,https://www.cs.umd.edu/~srin,sPzla6IAAAAJ,0000-0002-0062-3684,2026-05-01,https://dblp.org/pid/s/AravindSrinivasan
Daniela Rus,Massachusetts Inst. of Technology,https://www.csail.mit.edu/user/876,910z20QAAAAJ,0000-0001-5473-3566,2026-05-01,https://dblp.org/pid/r/DanielaRus
Faith Ellen,University of Toronto,http://www.cs.toronto.edu/~faith,NOSCHOLARPAGE,0000-0003-4473-931X,2026-05-01,https://dblp.org/pid/f/FEFich
Gernot Heiser,UNSW,https://www.cse.unsw.edu.au/~gernot,0e0Vw3kAAAAJ,0000-0002-7069-0831,2026-05-01,https://dblp.org/pid/h/GernotHeiser
Henning Schulzrinne,Columbia University,http://www.cs.columbia.edu/~hgs,6IHX8J4AAAAJ,0000-0001-7604-1122,2026-05-01,https://dblp.org/pid/s/HenningSchulzrinne
Ian Goldberg 0001,University of Waterloo,https://cs.uwaterloo.ca/~iang,NOSCHOLARPAGE,0000-0002-1176-2882,2026-05-01,https://dblp.org/pid/04/6434
Jignesh M. Patel,Carnegie Mellon University,https://jigneshpatel.org,tOjfnFMAAAAJ,0000-0003-3653-2538,2026-05-01,https://dblp.org/pid/p/JMPatel
Juliana Freire,New York University,http://engineering.nyu.edu/user/4254,sSzAlq0AAAAJ,0000-0003-3915-7075,2026-05-01,https://dblp.org/pid/f/JulianaFreire
Lorrie Faith Cranor,Carnegie Mellon University,http://lorrie.cranor.org,kIUqgbcAAAAJ,0000-0003-2125-0124,2026-05-01,https://dblp.org/pid/03/1595
Mark Guzdial,University of Michigan,http://www.cc.gatech.edu/home/guzdial,iQV2L2IAAAAJ,0000-0003-4427-9763,2026-05-01,https://dblp.org/pid/g/MarkGuzdial
Michael D. Ernst,University of Washington,https://homes.cs.washington.edu/~mernst,oQ6AeyEAAAAJ,0000-0001-9379-277X,2026-05-01,https://dblp.org/pid/e/MDErnst
Michael Kearns,University of Pennsylvania,http://www.cis.upenn.edu/~mkearns,8iQk0DIAAAAJ,0000-0000-0000-0000,2026-05-01,https://dblp.org/pid/78/6858
Michael Mitzenmacher,Harvard University,http://www.eecs.harvard.edu/~michaelm,e8aRmAsAAAAJ,0000-0001-5430-5457,2026-05-01,https://dblp.org/pid/74/838
Nikil D. Dutt,Univ. of California - Irvine,http://www.ics.uci.edu/~dutt,CpBXPVoAAAAJ,0000-0002-3060-8119,2026-05-01,https://dblp.org/pid/d/NikilDDutt
Omer Reingold,Stanford University,https://omereingold.wordpress.com,TD9RhcgAAAAJ,0000-0000-0000-0000,2026-05-01,https://dblp.org/pid/r/OmerReingold
Ronitt Rubinfeld,Massachusetts Inst. of Technology,http://people.csail.mit.edu/ronitt,pZhZndYAAAAJ,0000-0002-4353-7639,2026-05-01,https://dblp.org/pid/r/RonittRubinfeld
Samson Abramsky,University College London,https://www.cs.ox.ac.uk/samson.abramsky,L2vmD3MAAAAJ,0000-0003-3921-6637,2026-05-01,https://dblp.org/pid/a/SamsonAbramsky
Sarit Kraus,Bar-Ilan University,http://u.cs.biu.ac.il/~sarit,PfgeYGwAAAAJ,0000-0003-4672-623X,2026-05-01,https://dblp.org/pid/k/SaritKraus
Shai Ben-David,University of Waterloo,https://cs.uwaterloo.ca/~shai,kezPqwoAAAAJ,0000-0000-0000-0000,2026-05-01,https://dblp.org/pid/15/6319
Shamkant B. Navathe,Georgia Institute of Technology,http://www.cc.gatech.edu/computing/Database/faculty/sham,_Z12v2IAAAAJ,0000-0002-6666-0031,2026-05-01,https://dblp.org/pid/n/ShamkantBNavathe
Srinivas Devadas,Massachusetts Inst. of Technology,https://people.csail.mit.edu/devadas,NOSCHOLARPAGE,0000-0001-8253-7714,2026-05-01,https://dblp.org/pid/14/3973
Stuart M. Shieber,Harvard University,http://www.eecs.harvard.edu/shieber,oq8WAwsAAAAJ,0000-0000-0000-0000,2026-05-01,https://dblp.org/pid/s/StuartMShieber
Subhasish Mitra,Stanford University,https://web.stanford.edu/~subh,SCdhzWoAAAAJ,0000-0002-5572-5194,2026-05-01,https://dblp.org/pid/30/4561
Thorsten Joachims,Cornell University,http://www.cs.cornell.edu/people/tj,5tk1PV8AAAAJ,0000-0003-3654-3683,2026-05-01,https://dblp.org/pid/j/ThorstenJoachims
Tom Rodden,University of Nottingham,https://www.nottingham.ac.uk/computerscience/people/tom.rodden,gWbK0A0AAAAJ,0000-0000-0000-0000,2026-05-01,https://dblp.org/pid/r/TomRodden
Valerie King,University of Victoria,http://webhome.cs.uvic.ca/~val,2-iEYMUAAAAJ,0000-0001-7311-7427,2026-05-01,https://dblp.org/pid/k/ValerieKing
Vijaykrishnan Narayanan,Pennsylvania State University,http://www.cse.psu.edu/~vxn9,UyeTBeoAAAAJ,0000-0001-6266-6068,2026-05-01,https://dblp.org/pid/v/NarayananVijaykrishnan
Vikram S. Adve,Univ. of Illinois at Urbana-Champaign,https://vikram.cs.illinois.edu,VbruE20AAAAJ,0000-0002-0760-9690,2026-05-01,https://dblp.org/pid/78/4438
Yishay Mansour,Tel Aviv University,http://www.tau.ac.il/~mansour,OEJUgwkAAAAJ,0000-0001-6891-2645,2026-05-01,https://dblp.org/pid/m/YishayMansour
Andrew C. Myers,Cornell University,http://www.cs.cornell.edu/andru,ovlpa_IAAAAJ,0000-0001-5819-7588,2026-05-01,https://dblp.org/pid/m/AndrewCMyers
Christopher D. Manning,Stanford University,https://nlp.stanford.edu/~manning,1zmDOdwAAAAJ,0000-0001-6155-649X,2026-05-01,https://dblp.org/pid/m/ChristopherDManning
David A. Forsyth,Univ. of Illinois at Urbana-Champaign,http://luthuli.cs.uiuc.edu/~daf,5H0arvkAAAAJ,0000-0002-2278-0752,2026-05-01,https://dblp.org/pid/f/DavidAForsyth
David Garlan,Carnegie Mellon University,https://www.cs.cmu.edu/~garlan,p6HgUFEAAAAJ,0000-0002-6735-8301,2026-05-01,https://dblp.org/pid/01/2201
David Zuckerman,University of Texas at Austin,https://www.cs.utexas.edu/~diz,MCe-I6wAAAAJ,0000-0002-4749-3223,2026-05-01,https://dblp.org/pid/z/DZuckerman
Dennis E. Shasha,New York University,http://cs.nyu.edu/shasha,UQ9Ws6wAAAAJ,0000-0000-0000-0000,2026-05-01,https://dblp.org/pid/s/DennisShasha
Dina Katabi,Massachusetts Inst. of Technology,http://people.csail.mit.edu/dina,nst5fHgAAAAJ,0000-0000-0000-0000,2026-05-01,https://dblp.org/pid/k/DinaKatabi
Ellen W. Zegura,Georgia Institute of Technology,http://www.cc.gatech.edu/fac/Ellen.Zegura,Z6EHuGcAAAAJ,0000-0000-0000-0000,2026-05-01,https://dblp.org/pid/z/EllenWZegura
Henry A. Kautz,University of Virginia,https://henrykautz.com,WxQyOYQAAAAJ,0000-0001-5219-2970,2026-05-01,https://dblp.org/pid/k/HenryAKautz
Ingemar J. Cox,University College London,http://mediafutures.cs.ucl.ac.uk/people/IngemarCox,b88nUpYAAAAJ,0000-0002-6662-417X,2026-05-01,https://dblp.org/pid/c/IngemarJCox
James H. Anderson,University of North Carolina,http://jamesanderson.web.unc.edu,mIZu9oQAAAAJ,0000-0000-0000-0000,2026-05-01,https://dblp.org/pid/a/JamesHAnderson
John M. Mellor-Crummey,Rice University,http://www.cs.rice.edu/~johnmc,wX0XpxMAAAAJ,0000-0002-9026-5453,2026-05-01,https://dblp.org/pid/m/JMMellorCrummey
Jon M. Kleinberg,Cornell University,https://www.cs.cornell.edu/home/kleinber,VX7d5EQAAAAJ,0000-0002-1929-2512,2026-05-01,https://dblp.org/pid/k/JonMKleinberg
Krishnendu Chakrabarty,Arizona State University,https://search.asu.edu/profile/4669916,R_VPUyEAAAAJ,0000-0003-4475-6435,2026-05-01,https://dblp.org/pid/c/KrishnenduChakrabarty
Kyuseok Shim,Seoul National University,http://kdd.snu.ac.kr/~shim,3Y254i4AAAAJ,0000-0001-8818-0963,2026-05-01,https://dblp.org/pid/156/3851
Limsoon Wong,National University of Singapore,https://www.comp.nus.edu.sg/~wongls,Inqu8SkAAAAJ,0000-0003-1241-5441,2026-05-01,https://dblp.org/pid/w/LimsoonWong
Madhav Marathe,University of Virginia,https://engineering.virginia.edu/faculty/madhav-marathe,cLjMQqsAAAAJ,0000-0003-1653-0658,2026-05-01,https://dblp.org/pid/52/991
Marti Hearst,Univ. of California - Berkeley,http://people.ischool.berkeley.edu/~hearst,Yy6xbCYAAAAJ,0000-0002-4346-1603,2026-05-01,https://dblp.org/pid/h/MartiAHearst
Matthias Jarke,RWTH Aachen University,https://dbis.rwth-aachen.de/dbis/index.php/user/jarke,JbioEFgAAAAJ,0000-0000-0000-0000,2026-05-01,https://dblp.org/pid/j/MatthiasJarke
Mihir Bellare,Univ. of California - San Diego,https://cseweb.ucsd.edu/~mihir,2pW1g5IAAAAJ,0000-0002-8765-5573,2026-05-01,https://dblp.org/pid/b/MBellare
Milind Tambe,Harvard University,https://teamcore.seas.harvard.edu/tambe,YOVZiJkAAAAJ,0000-0000-0000-0000,2026-05-01,https://dblp.org/pid/67/2667
Nir Shavit,Massachusetts Inst. of Technology,http://people.csail.mit.edu/shanir,NOSCHOLARPAGE,0000-0000-0000-0000,2026-05-01,https://dblp.org/pid/s/NirShavit
Padhraic Smyth,Univ. of California - Irvine,http://www.ics.uci.edu/~smyth,OsoQ-dcAAAAJ,0000-0001-9971-8378,2026-05-01,https://dblp.org/pid/s/PadhraicSmyth
Peter J. Haas,Univ. of Massachusetts Amherst,https://people.cs.umass.edu/~phaas,PeCI8KcAAAAJ,0000-0001-5694-3065,2026-05-01,https://dblp.org/pid/46/1252
Ramalingam Chellappa,Johns Hopkins University,https://engineering.jhu.edu/ece/faculty/rama-chellappa,mZxsTCcAAAAJ,0000-0000-0000-0000,2026-05-01,https://dblp.org/pid/c/RamaChellappa
Rina Dechter,Univ. of California - Irvine,http://www.ics.uci.edu/~dechter,PI_3bqEAAAAJ,0000-0000-0000-0000,2026-05-01,https://dblp.org/pid/d/RDechter
Scott P. Robertson,University of Hawaii at Manoa,http://www2.hawaii.edu/~scottpr,rdbwZvIAAAAJ,0009-0000-4478-1265,2026-05-01,https://dblp.org/pid/r/SERobertson
Satish Rao,Univ. of California - Berkeley,http://www.cs.berkeley.edu/~satishr,x_cgL6gAAAAJ,0000-0000-0000-0000,2026-05-01,https://dblp.org/pid/278/7880
Stefano Ceri,Politecnico di Milano,http://home.deib.polimi.it/ceri,aiulJmIAAAAJ,0000-0003-0671-2415,2026-05-01,https://dblp.org/pid/c/StefanoCeri
Timothy Roscoe,ETH Zurich,http://people.inf.ethz.ch/troscoe,NOSCHOLARPAGE,0000-0002-8298-1126,2026-05-01,https://dblp.org/pid/r/TimothyRoscoe
Val Tannen,University of Pennsylvania,http://www.cis.upenn.edu/~val,NOSCHOLARPAGE,0009-0008-6847-7274,2026-05-01,https://dblp.org/pid/t/ValTannen
Wen Gao 0001,Peking University,http://idm.pku.edu.cn/wgao,b0vWahYAAAAJ,0000-0001-8894-1806,2026-05-01,https://dblp.org/pid/18/7486
Yuanyuan Zhou 0001,Univ. of California - San Diego,https://cseweb.ucsd.edu/~yyzhou,rWl0U0oAAAAJ,0000-0003-4760-7208,2026-05-01,https://dblp.org/pid/46/7346
Ahmed K. Elmagarmid,Qatar Computing Research Inst.,https://www.cs.purdue.edu/homes/ake,Cb9BDJkAAAAJ,0000-0000-0000-0000,2026-05-01,https://dblp.org/pid/134/2356
Alistair Sinclair,Univ. of California - Berkeley,http://www.cs.berkeley.edu/~sinclair,NOSCHOLARPAGE,0009-0002-9210-268X,2026-05-01,https://dblp.org/pid/s/AlistairSinclair
Andrew B. Kahng,Univ. of California - San Diego,http://vlsicad.ucsd.edu/~abk,zCO_h3cAAAAJ,0000-0002-4490-5018,2026-05-01,https://dblp.org/pid/k/AndrewBKahng
Anna R. Karlin,University of Washington,http://www.cs.washington.edu/people/faculty/karlin,9ZGqm5QAAAAJ,0009-0001-9091-2702,2026-05-01,https://dblp.org/pid/k/AnnaRKarlin
Bart Selman,Cornell University,http://www.cs.cornell.edu/selman,pJ28HA0AAAAJ,0000-0000-0000-0000,2026-05-01,https://dblp.org/pid/s/BartSelman
Benjamin C. Pierce,University of Pennsylvania,http://www.cis.upenn.edu/~bcpierce,2kkddh0AAAAJ,0000-0001-7839-1636,2026-05-01,https://dblp.org/pid/p/BenjaminCPierce
Clifford Stein 0001,Columbia University,http://www.columbia.edu/~cs2035,r49_E2cAAAAJ,0000-0002-0614-6620,2026-05-01,https://dblp.org/pid/s/CliffordStein
Gregor Kiczales,University of British Columbia,https://www.cs.ubc.ca/~gregor,Odh4GSYAAAAJ,0000-0000-0000-0000,2026-05-01,https://dblp.org/pid/k/GregorKiczales
Ion Stoica,Univ. of California - Berkeley,http://www.cs.berkeley.edu/~istoica,vN-is70AAAAJ,0000-0002-5373-0088,2026-05-01,https://dblp.org/pid/s/IonStoica
Karem A. Sakallah,University of Michigan,http://web.eecs.umich.edu/~karem,M441iZ8AAAAJ,0000-0002-5819-9089,2026-05-01,https://dblp.org/pid/34/5374
Katherine A. Yelick,Univ. of California - Berkeley,https://www.cs.berkeley.edu/~yelick,93yNuV0AAAAJ,0000-0003-0957-701X,2026-05-01,https://dblp.org/pid/y/KAYelick
Keith W. Ross,NYU Abu Dhabi,https://nyuad.nyu.edu/en/academics/divisions/science/faculty/keith-ross.html,RhUcYmQAAAAJ,0000-0000-0000-0000,2026-05-01,https://dblp.org/pid/151/6229
Klara Nahrstedt,Univ. of Illinois at Urbana-Champaign,https://cs.illinois.edu/directory/profile/klara,CUO0vDcAAAAJ,0000-0001-6813-3043,2026-05-01,https://dblp.org/pid/45/3224
Leonid Libkin,University of Edinburgh,http://homepages.inf.ed.ac.uk/libkin,4q-MIB0AAAAJ,0000-0002-6698-2735,2026-05-01,https://dblp.org/pid/l/LeonidLibkin
Leslie G. Valiant,Harvard University,http://people.seas.harvard.edu/~valiant,H509xdsAAAAJ,0000-0000-0000-0000,2026-05-01,https://dblp.org/pid/v/LeslieGValiant
Lixin Gao 0001,Univ. of Massachusetts Amherst,https://www.umass.edu/engineering/about/directory/lixin-gao,bOKmjf8AAAAJ,0000-0002-9017-5132,2026-05-01,https://dblp.org/pid/69/3480
Markus Gross 0001,ETH Zurich,https://graphics.ethz.ch/~grossm,uxk0GmUAAAAJ,0009-0003-9324-779X,2026-05-01,https://dblp.org/pid/g/MarkusHGross
Masaru Kitsuregawa,University of Tokyo,http://www.tkl.iis.u-tokyo.ac.jp/FIRST/members/kitsuregawa.en.html,NOSCHOLARPAGE,0000-0000-0000-0000,2026-05-01,https://dblp.org/pid/k/MasaruKitsuregawa
Pierre Baldi,Univ. of California - Irvine,http://www.igb.uci.edu/~pfbaldi,RhFhIIgAAAAJ,0000-0001-8752-4664,2026-05-01,https://dblp.org/pid/54/1564
Rachid Guerraoui,EPFL,http://lpdwww.epfl.ch/rachid,_TR-7CEAAAAJ,0000-0002-4794-8902,2026-05-01,https://dblp.org/pid/g/RachidGuerraoui
Raj Reddy,Carnegie Mellon University,http://www.rr.cs.cmu.edu,6n7rzokAAAAJ,0000-0000-0000-0000,2026-05-01,https://dblp.org/pid/r/RajReddy
Roberto Tamassia,Brown University,http://cs.brown.edu/~rt,eEYPTKUAAAAJ,0000-0003-2445-6064,2026-05-01,https://dblp.org/pid/t/RobertoTamassia
Ron Shamir,Tel Aviv University,http://www.cs.tau.ac.il/~rshamir,ri4rEPMAAAAJ,0000-0003-1889-9870,2026-05-01,https://dblp.org/pid/66/6913
Saul Greenberg,University of Calgary,http://saul.cpsc.ucalgary.ca,TthhUuoAAAAJ,0000-0000-0000-0000,2026-05-01,https://dblp.org/pid/g/SaulGreenberg
Srinivasan Keshav,University of Cambridge,http://blizzard.cs.uwaterloo.ca/keshav,NOSCHOLARPAGE,0000-0002-6549-0464,2026-05-01,https://dblp.org/pid/59/739
Tova Milo,Tel Aviv University,http://www.math.tau.ac.il/~milo,X1-ovCkAAAAJ,0000-0002-8566-8821,2026-05-01,https://dblp.org/pid/m/TovaMilo
Tracy Camp,Colorado School of Mines,http://www.mines.edu/~tcamp,8TyIlFgAAAAJ,0000-0000-0000-0000,2026-05-01,https://dblp.org/pid/91/2315
Walter F. Tichy,Karlsruhe Inst. of Technology,https://ps.ipd.kit.edu/176_376.php,23RPQBQAAAAJ,0000-0002-1288-454X,2026-05-01,https://dblp.org/pid/t/WalterFTichy
Wenfei Fan,University of Edinburgh,http://homepages.inf.ed.ac.uk/wenfei,u0S6ofAAAAAJ,0000-0001-5149-2656,2026-05-01,https://dblp.org/pid/94/2372
Xiaodong Zhang 0001,Ohio State University,http://web.cse.ohio-state.edu/~zhang,qFiMLsIAAAAJ,0000-0003-3411-3612,2026-05-01,https://dblp.org/pid/37/4356
Beng Chin Ooi,National University of Singapore,http://www.comp.nus.edu.sg/~ooibc,9560QjYAAAAJ,0000-0003-4446-1100,2026-05-01,https://dblp.org/pid/o/BengChinOoi
Christian S. Jensen,Aalborg University,http://people.cs.aau.dk/~csj,wo20cPYAAAAJ,0000-0002-9697-7670,2026-05-01,https://dblp.org/pid/262/0478
Dahlia Malkhi,Univ. of California - Santa Barbara,https://cs.ucsb.edu/people/faculty/dahlia-malkhi,A_VZ7N0AAAAJ,0000-0002-7038-7250,2026-05-01,https://dblp.org/pid/m/DahliaMalkhi
Dan Roth 0001,University of Pennsylvania,http://www.cis.upenn.edu/~danroth,WHOHV3AAAAAJ,0009-0002-1447-5173,2026-05-01,https://dblp.org/pid/59/857
Dan Suciu,University of Washington,https://homes.cs.washington.edu/~suciu,SIxd6jgAAAAJ,0000-0002-4144-0868,2026-05-01,https://dblp.org/pid/71/7833
David Eppstein,Univ. of California - Irvine,https://www.ics.uci.edu/~eppstein,QSY7ufMAAAAJ,0000-0000-0000-0000,2026-05-01,https://dblp.org/pid/e/DEppstein
David K. Gifford,Massachusetts Inst. of Technology,http://cgs.csail.mit.edu,NOSCHOLARPAGE,0000-0003-1709-4034,2026-05-01,https://dblp.org/pid/g/DavidKGifford
Dean M. Tullsen,Univ. of California - San Diego,https://cseweb.ucsd.edu/~tullsen,BEEuinQAAAAJ,0000-0003-3174-9316,2026-05-01,https://dblp.org/pid/t/DeanMTullsen
Diane L. Souvaine,Tufts University,http://provost.tufts.edu/about/about-the-office/diane-souvaine,QTRDjTUAAAAJ,0000-0000-0000-0000,2026-05-01,https://dblp.org/pid/s/DLSouvaine
Divyakant Agrawal,Univ. of California - Santa Barbara,https://www.cs.ucsb.edu/~agrawal,XcaEg-cAAAAJ,0000-0002-0215-9539,2026-05-01,https://dblp.org/pid/a/DivyakantAgrawal
Geoffrey C. Fox,University of Virginia,https://engineering.virginia.edu/faculty/geoffrey-c-fox,dJ-fD-sAAAAJ,0000-0000-0000-0000,2026-05-01,https://dblp.org/pid/f/GeoffreyFox
Guy E. Blelloch,Carnegie Mellon University,http://www.cs.cmu.edu/~guyb,Z6nLCukAAAAJ,0000-0003-0224-9187,2026-05-01,https://dblp.org/pid/b/GEBlelloch
Keith Marzullo,Univ. of Massachusetts Amherst,https://www.cics.umass.edu/about/directory/keith-marzullo,hWzTk6MAAAAJ,0000-0000-0000-0000,2026-05-01,https://dblp.org/pid/m/KMarzullo
Linda R. Petzold,Univ. of California - Santa Barbara,https://cse.cs.ucsb.edu,6IxWYR0AAAAJ,0000-0000-0000-0000,2026-05-01,https://dblp.org/pid/03/3669
Margo I. Seltzer,University of British Columbia,https://www.seltzer.com/margo,XeyiyUYAAAAJ,0000-0002-2165-4658,2026-05-01,https://dblp.org/pid/s/MargoISeltzer
Martha E. Pollack,Cornell University,https://infosci.cornell.edu/content/pollack,5oU0wxcAAAAJ,0000-0000-0000-0000,2026-05-01,https://dblp.org/pid/p/MEPollack
Ming C. Lin,Univ. of Maryland - College Park,http://www.cs.umd.edu/~lin,ugFNit4AAAAJ,0000-0003-3736-6949,2026-05-01,https://dblp.org/pid/289/3331
Nelson L. Max,Univ. of California - Davis,http://faculty.engineering.ucdavis.edu/max,XXoJ5n4AAAAJ,0000-0000-0000-0000,2026-05-01,https://dblp.org/pid/06/3255
Ramesh Govindan,University of Southern California,https://govindan.usc.edu,ZTkRs84AAAAJ,0000-0001-8311-8853,2026-05-01,https://dblp.org/pid/g/RameshGovindan
Ronald M. Baecker,University of Toronto,http://ron.taglab.ca,NOSCHOLARPAGE,0000-0000-0000-0000,2026-05-01,https://dblp.org/pid/b/RonaldBaecker
Satoshi Matsuoka,Institute of Science Tokyo,http://matsu-www.is.titech.ac.jp/~matsu/index.html.en,UcWOl8YAAAAJ,0000-0003-1910-8532,2026-05-01,https://dblp.org/pid/57/4464
Serge Abiteboul,Ecole Normale Superieure de Cachan,http://abiteboul.com,lk_jn24AAAAJ,0000-0000-0000-0000,2026-05-01,https://dblp.org/pid/a/SergeAbiteboul
Susan Landau 0001,Tufts University,https://privacyink.org,6emSUYoAAAAJ,0000-0000-0000-0000,2026-05-01,https://dblp.org/pid/44/6965
Amr El Abbadi,Univ. of California - Santa Barbara,https://www.cs.ucsb.edu/~amr,tNmIw4MAAAAJ,0000-0003-4692-3268,2026-05-01,https://dblp.org/pid/a/AmrElAbbadi
Andreas Zeller,CISPA Helmholtz Center,https://andreas-zeller.info,-Qytr_YAAAAJ,0000-0003-4719-8803,2026-05-01,https://dblp.org/pid/z/AndreasZeller
Anne Condon,University of British Columbia,http://www.cs.ubc.ca/~condon,SO_j4zwAAAAJ,0000-0000-0000-0000,2026-05-01,https://dblp.org/pid/c/AnneCondon
Christos Faloutsos,Carnegie Mellon University,http://www.cs.cmu.edu/~christos,nd8lQQIAAAAJ,0000-0003-2996-9790,2026-05-01,https://dblp.org/pid/f/CFaloutsos
Daniel A. Spielman,Yale University,http://www.cs.yale.edu/homes/spielman,L82mYv8AAAAJ,0000-0002-8958-879X,2026-05-01,https://dblp.org/pid/s/DanielASpielman
Fernando M. Q. Pereira,UFMG,http://homepages.dcc.ufmg.br/~fernando,xZfJARoAAAAJ,0000-0000-0000-0000,2026-05-01,https://dblp.org/pid/95/3955
Jean-Pierre Hubaux,EPFL,https://people.epfl.ch/jean-pierre.hubaux,W7YBLlEAAAAJ,0000-0003-1533-6132,2026-05-01,https://dblp.org/pid/h/JPHubaux
Jennifer T. Chayes,Univ. of California - Berkeley,http://jenniferchayes.com,YAHWbtkAAAAJ,0000-0003-4020-8618,2026-05-01,https://dblp.org/pid/c/JenniferTChayes
Josep Torrellas,Univ. of Illinois at Urbana-Champaign,http://iacoma.cs.uiuc.edu/josep/torrellas.html,zdnAkgsAAAAJ,0000-0003-2595-5228,2026-05-01,https://dblp.org/pid/t/JosepTorrellas
Lorenzo Alvisi,Cornell University,https://www.cs.utexas.edu/~lorenzo,K_-KJi8AAAAJ,0000-0002-9857-5528,2026-05-01,https://dblp.org/pid/a/LAlvisi
Lydia E. Kavraki,Rice University,http://www.cs.rice.edu/~kavraki,Q6pxNZYAAAAJ,0000-0003-0699-8038,2026-05-01,https://dblp.org/pid/k/LydiaEKavraki
Mark Crovella,Boston University,http://www.cs.bu.edu/fac/crovella,vrHhOlUAAAAJ,0000-0002-5005-7019,2026-05-01,https://dblp.org/pid/c/MarkCrovella
Michael I. Jordan,INRIA,http://www.cs.berkeley.edu/~jordan,yxUduqMAAAAJ,0000-0001-8935-817X,2026-05-01,https://dblp.org/pid/j/MichaelIJordan
Pavel A. Pevzner,Univ. of California - San Diego,http://cseweb.ucsd.edu/~ppevzner,0fq5QeIAAAAJ,0000-0000-0000-0000,2026-05-01,https://dblp.org/pid/p/PAPevzner
Peter M. Chen,University of Michigan,https://eecs.engin.umich.edu/people/chen-peter-m,dVZNQqUAAAAJ,0000-0002-5951-4183,2026-05-01,https://dblp.org/pid/116/6782
Philip N. Klein,Brown University,http://cs.brown.edu/~pnk,gVUD47sAAAAJ,0000-0000-0000-0000,2026-05-01,https://dblp.org/pid/k/PhilipNKlein
Raymond J. Mooney,University of Texas at Austin,https://www.cs.utexas.edu/~mooney,p9RsPG4AAAAJ,0000-0000-0000-0000,2026-05-01,https://dblp.org/pid/m/RaymondJMooney
Robert B. Schnabel,University of Colorado Boulder,https://www.colorado.edu/cs/bobby-schnabel,NOSCHOLARPAGE,0000-0000-0000-0000,2026-05-01,https://dblp.org/pid/01/2335
Ron Cytron,Washington University in St. Louis,https://www.cs.wustl.edu/~cytron,NOSCHOLARPAGE,0000-0000-0000-0000,2026-05-01,https://dblp.org/pid/c/RCytron
Sarita V. Adve,Univ. of Illinois at Urbana-Champaign,http://rsim.cs.illinois.edu/~sadve,5m-oAesAAAAJ,0000-0002-3403-5119,2026-05-01,https://dblp.org/pid/97/4181
Subhash Suri,Univ. of California - Santa Barbara,https://www.cs.ucsb.edu/~suri,VgrH9A8AAAAJ,0000-0000-0000-0000,2026-05-01,https://dblp.org/pid/s/SubhashSuri
Wendy Hall 0001,University of Southampton,https://www.ecs.soton.ac.uk/people/wh,9NaDv3oAAAAJ,0000-0003-4327-7811,2026-05-01,https://dblp.org/pid/h/WendyHall
Alok N. Choudhary,Northwestern University,http://www.eecs.northwestern.edu/~choudhar,6nvFl5sAAAAJ,0000-0001-8152-6319,2026-05-01,https://dblp.org/pid/73/11067
Arie E. Kaufman,Stony Brook University,http://www3.cs.stonybrook.edu/~ari,fDdcWBEAAAAJ,0000-0002-0796-6196,2026-05-01,https://dblp.org/pid/k/ArieEKaufman
Baba C. Vemuri,University of Florida,https://www.cise.ufl.edu/~vemuri,1fEZ_osAAAAJ,0000-0002-1400-5844,2026-05-01,https://dblp.org/pid/93/1847
Bruce Randall Donald,Duke University,https://www.cs.duke.edu/brd,TkayRqQAAAAJ,0000-0000-0000-0000,2026-05-01,https://dblp.org/pid/320/6037
Chandrajit L. Bajaj,University of Texas at Austin,https://www.cs.utexas.edu/~bajaj,gyL3CZ0AAAAJ,0000-0002-9619-3278,2026-05-01,https://dblp.org/pid/b/ChandrajitLBajaj
David R. Karger,Massachusetts Inst. of Technology,http://people.csail.mit.edu/karger,2vQRGrYAAAAJ,0000-0002-0024-5847,2026-05-01,https://dblp.org/pid/k/DavidRKarger
Dinesh Manocha,Univ. of Maryland - College Park,https://www.cs.unc.edu/~dm,X08l_4IAAAAJ,0000-0001-7047-9801,2026-05-01,https://dblp.org/pid/m/DineshManocha
Farnam Jahanian,Carnegie Mellon University,https://www.cmu.edu/leadership/the-provost,NOSCHOLARPAGE,0000-0000-0000-0000,2026-05-01,https://dblp.org/pid/90/6277
Hagit Attiya,Technion,http://hagit.net.technion.ac.il,eoMK92MAAAAJ,0000-0002-8017-6457,2026-05-01,https://dblp.org/pid/a/HagitAttiya
Hans-Peter Kriegel,LMU Munich,http://www.dbs.ifi.lmu.de/cms/personen/professoren/kriegel/index.html,DBf9LC4AAAAJ,0000-0000-0000-0000,2026-05-01,https://dblp.org/pid/k/HansPeterKriegel
Ian T. Foster,University of Chicago,https://computerscience.uchicago.edu/people/ian-foster,VGoSakQAAAAJ,0000-0003-2129-5269,2026-05-01,https://dblp.org/pid/f/IanTFoster
John Chi-Shing Lui,Chinese University of Hong Kong,http://www.cse.cuhk.edu.hk/~cslui,7LVjQ7MAAAAJ,0000-0000-0000-0000,2026-05-01,https://dblp.org/pid/l/JohnCSLui
Kyu-Young Whang,KAIST,http://dblab.kaist.ac.kr/Prof/main_eng.html,LZSo1YEAAAAJ,0000-0000-0000-0000,2026-05-01,https://dblp.org/pid/w/KyuYoungWhang
Margaret Martonosi,Princeton University,http://www.princeton.edu/~mrm,tgYsFS0AAAAJ,0000-0001-9683-8032,2026-05-01,https://dblp.org/pid/m/MargaretMartonosi
Martin C. Rinard,Massachusetts Inst. of Technology,http://people.csail.mit.edu/rinard,hxlxVEUAAAAJ,0000-0001-8095-8523,2026-05-01,https://dblp.org/pid/r/MartinCRinard
Martin Vetterli,EPFL,http://lcav.epfl.ch/martin.vetterli,YQcU3NYAAAAJ,0000-0002-6122-1216,2026-05-01,https://dblp.org/pid/v/MVetterli
Maurizio Lenzerini,Sapienza University of Rome,http://www.diag.uniroma1.it/lenzerini,EYxaICEAAAAJ,0000-0003-2875-6187,2026-05-01,https://dblp.org/pid/l/MLenzerini
Michael T. Goodrich,Univ. of California - Irvine,https://www.ics.uci.edu/~goodrich,sSS9gSoAAAAJ,0000-0002-8943-191X,2026-05-01,https://dblp.org/pid/g/MichaelTGoodrich
Paulo Esteves Veríssimo,KAUST,https://cemse.kaust.edu.sa/people/person/paulo-verissimo,aMHx8aUAAAAJ,0000-0000-0000-0000,2026-05-01,https://dblp.org/pid/v/PauloVerissimo
Rajiv Gupta 0001,Univ. of California - Riverside,http://www.cs.ucr.edu/~gupta,6P4bGWAAAAAJ,0000-0002-9348-3974,2026-05-01,https://dblp.org/pid/181/2697
Robbert van Renesse,Cornell University,https://www.cs.cornell.edu/home/rvr,uJbM58UAAAAJ,0000-0000-0000-0000,2026-05-01,https://dblp.org/pid/r/RvRenesse
Shang-Hua Teng,University of Southern California,https://viterbi-web.usc.edu/~shanghua,NOSCHOLARPAGE,0000-0000-0000-0000,2026-05-01,https://dblp.org/pid/t/ShangHuaTeng
Yossi Matias,Tel Aviv University,http://www.math.tau.ac.il/~matias,IwSe1-MAAAAJ,0000-0003-3960-6002,2026-05-01,https://dblp.org/pid/m/YossiMatias
Alex Aiken,Stanford University,https://theory.stanford.edu/~aiken,3vKjkoQAAAAJ,0000-0002-3723-9555,2026-05-01,https://dblp.org/pid/a/AAiken
Gregory D. Abowd,Northeastern University,https://www.khoury.northeastern.edu/people/gregory-abowd,gb8sbdcAAAAJ,0000-0002-3408-587X,2026-05-01,https://dblp.org/pid/a/GDAbowd
Hari Balakrishnan,Massachusetts Inst. of Technology,http://nms.lcs.mit.edu/~hari,Qf4bw4UAAAAJ,0000-0002-1455-9652,2026-05-01,https://dblp.org/pid/b/HariBalakrishnan
Ian Munro 0001,University of Waterloo,https://cs.uwaterloo.ca/~imunro,O55rM6QAAAAJ,0000-0002-7165-7988,2026-05-01,https://dblp.org/pid/m/JIanMunro
J. J. Garcia-Luna-Aceves,Univ. of California - Santa Cruz,https://www.soe.ucsc.edu/people/jj,wLtmXGQAAAAJ,0000-0000-0000-0000,2026-05-01,https://dblp.org/pid/g/JJGarciaLunaAceves
Jack W. Davidson,University of Virginia,https://engineering.virginia.edu/faculty/jack-w-davidson,n7YuWIAAAAAJ,0000-0000-0000-0000,2026-05-01,https://dblp.org/pid/d/JWDavidson
Jason Cong,Univ. of California - Los Angeles,http://vast.cs.ucla.edu/people/faculty/jason-cong,UVGe0gQAAAAJ,0000-0003-2887-6963,2026-05-01,https://dblp.org/pid/c/JasonCong
Jennifer Rexford,Princeton University,http://www.cs.princeton.edu/~jrex,07ds-DAAAAAJ,0000-0002-0231-8165,2026-05-01,https://dblp.org/pid/r/JenniferRexford
John C. Mitchell,Stanford University,http://theory.stanford.edu/people/jcm,1_kJPIEAAAAJ,0000-0002-0024-860X,2026-05-01,https://dblp.org/pid/93/6977
Joseph A. Konstan,University of Minnesota,http://konstan.umn.edu,PH4mytYAAAAJ,0000-0002-7788-2748,2026-05-01,https://dblp.org/pid/09/3004
Judith S. Olson,Univ. of California - Irvine,https://judithsolson.com,xfwOz_kAAAAJ,0000-0000-0000-0000,2026-05-01,https://dblp.org/pid/04/1690
Mendel Rosenblum,Stanford University,http://web.stanford.edu/~mendel,NOSCHOLARPAGE,0000-0000-0000-0000,2026-05-01,https://dblp.org/pid/r/MendelRosenblum
Michael Reiter,Duke University,https://reitermk.github.io,qAKfQW0AAAAJ,0000-0000-0000-0000,2026-05-01,https://dblp.org/pid/72/6232
Rob A. Rutenbar,University of Pittsburgh,https://www.chancellor.pitt.edu/people/rob-rutenbar,avq8-1QAAAAJ,0009-0006-6193-0537,2026-05-01,https://dblp.org/pid/r/RobARutenbar
Sanjeev Arora,Princeton University,https://www.cs.princeton.edu/~arora,RUP4S68AAAAJ,0000-0002-8636-9970,2026-05-01,https://dblp.org/pid/a/SArora
Tuomas Sandholm,Carnegie Mellon University,http://www.cs.cmu.edu/~sandholm,0DpK1EMAAAAJ,0000-0001-8861-9366,2026-05-01,https://dblp.org/pid/s/TuomasSandholm
Vivek Sarkar,Georgia Institute of Technology,http://vsarkar.cc.gatech.edu,XjeIqxYAAAAJ,0000-0002-3433-8830,2026-05-01,https://dblp.org/pid/s/VivekSarkar
Xiaotie Deng,Peking University,http://cfcs.pku.edu.cn/faculty/full_time_faculty/dengxiaotie/index.htm,OBUwP_oAAAAJ,0000-0002-5282-6467,2026-05-01,https://dblp.org/pid/d/XiaotieDeng
Anant Agarwal,Massachusetts Inst. of Technology,https://www.csail.mit.edu/user/723,qvYAEucAAAAJ,0000-0000-0000-0000,2026-05-01,https://dblp.org/pid/a/AAgarwal
Avrim Blum,TTI Chicago,https://home.ttic.edu/~avrim,Jlv4MR4AAAAJ,0000-0003-2450-5102,2026-05-01,https://dblp.org/pid/b/AvrimBlum
Bud Mishra,New York University,https://cs.nyu.edu/mishra,kXVBr20AAAAJ,0000-0000-0000-0000,2026-05-01,https://dblp.org/pid/m/BhubaneswarMishra
Daniel P. Huttenlocher,Massachusetts Inst. of Technology,https://web.mit.edu/hutt/www,q16KVs0AAAAJ,0000-0000-0000-0000,2026-05-01,https://dblp.org/pid/h/DPHuttenlocher
Danny Dolev,Hebrew University of Jerusalem,http://www.cs.huji.ac.il/~dolev,RAt7zSUAAAAJ,0000-0001-8853-0644,2026-05-01,https://dblp.org/pid/d/DannyDolev
Demetri Terzopoulos,Univ. of California - Los Angeles,http://www.cs.ucla.edu/~dt,pKuBFaQAAAAJ,0000-0000-0000-0000,2026-05-01,https://dblp.org/pid/85/4738
Georg Gottlob,University of Oxford,https://www.cs.ox.ac.uk/people/georg.gottlob,i72_SkUAAAAJ,0000-0002-2353-5230,2026-05-01,https://dblp.org/pid/g/GeorgGottlob
Lance Fortnow,Illinois Institute of Technology,http://www.cc.gatech.edu/people/lance-fortnow,Yf5wVssAAAAJ,0000-0000-0000-0000,2026-05-01,https://dblp.org/pid/f/LanceFortnow
Martin Odersky,EPFL,http://lampwww.epfl.ch/~odersky,LbRD9tEAAAAJ,0009-0005-3923-8993,2026-05-01,https://dblp.org/pid/o/MartinOdersky
Monica Lam 0001,Stanford University,https://suif.stanford.edu/~lam,4hS0jZ8AAAAJ,0000-0000-0000-0000,2026-05-01,https://dblp.org/pid/l/MonicaSLam
Philip Wadler,University of Edinburgh,http://homepages.inf.ed.ac.uk/wadler,Iz-3VFQAAAAJ,0000-0001-7619-6378,2026-05-01,https://dblp.org/pid/w/PhilipWadler
Rajeev Alur,University of Pennsylvania,https://www.cis.upenn.edu/~alur,kWnv_YkAAAAJ,0000-0003-1733-7083,2026-05-01,https://dblp.org/pid/a/RAlur
Viktor K. Prasanna,University of Southern California,http://ceng.usc.edu/~prasanna,4FQXSP8AAAAJ,0000-0002-1609-8589,2026-05-01,https://dblp.org/pid/p/ViktorKPrasanna
Alexander L. Wolf,Univ. of California - Santa Cruz,https://users.soe.ucsc.edu/~alw,21FXjJgAAAAJ,0000-0000-0000-0000,2026-05-01,https://dblp.org/pid/w/AlexanderLWolf
Charles E. Leiserson,Massachusetts Inst. of Technology,http://people.csail.mit.edu/cel,gWBoNCsAAAAJ,0000-0001-6386-5552,2026-05-01,https://dblp.org/pid/l/CELeiserson
Eric Allender,Rutgers University,http://www.cs.rutgers.edu/~allender,dQwv9e4AAAAJ,0000-0002-0650-028X,2026-05-01,https://dblp.org/pid/a/EAllender
John V. Guttag,Massachusetts Inst. of Technology,http://nms.csail.mit.edu/~guttag,NOSCHOLARPAGE,0000-0003-0992-0906,2026-05-01,https://dblp.org/pid/344/9799
Kenneth D. Forbus,Northwestern University,http://www.cs.northwestern.edu/~forbus,IdRYT-8AAAAJ,0000-0000-0000-0000,2026-05-01,https://dblp.org/pid/f/KDForbus
Laura M. Haas,Univ. of Massachusetts Amherst,https://www.cics.umass.edu/about/directory/laura-haas,e9qUUSgAAAAJ,0000-0000-0000-0000,2026-05-01,https://dblp.org/pid/h/LauraMHaas
Lixia Zhang 0001,Univ. of California - Los Angeles,http://www.cs.ucla.edu/~lixia,CZyWk8kAAAAJ,0000-0000-0000-0000,2026-05-01,https://dblp.org/pid/122/9694
M. Tamer Özsu,University of Waterloo,https://cs.uwaterloo.ca/~tozsu,dwxm_CoAAAAJ,0000-0002-8126-1717,2026-05-01,https://dblp.org/pid/o/MTamerOzsu
Matthias Felleisen,Northeastern University,http://www.ccs.neu.edu/home/matthias,KP-Vo44AAAAJ,0000-0001-6678-1004,2026-05-01,https://dblp.org/pid/f/MFelleisen
Michael L. Scott,University of Rochester,https://www.cs.rochester.edu/~scott,PzaBy-UAAAAJ,0000-0001-8652-7644,2026-05-01,https://dblp.org/pid/123/4969
Mikhail J. Atallah,Purdue University,https://www.cs.purdue.edu/people/mja,uc8_eH0AAAAJ,0000-0000-0000-0000,2026-05-01,https://dblp.org/pid/313/8986
Oyekunle A. Olukotun,Stanford University,http://arsenalfc.stanford.edu/kunle,IzXDyR8AAAAJ,0000-0000-0000-0000,2026-05-01,https://dblp.org/pid/o/KunleOlukotun
Phillip B. Gibbons,Carnegie Mellon University,http://www.cs.cmu.edu/~gibbons,F9kqUXkAAAAJ,0000-0001-6967-2735,2026-05-01,https://dblp.org/pid/g/PhillipBGibbons
Roch Guérin,Washington University in St. Louis,https://www.cse.wustl.edu/~guerin,54w2_AcAAAAJ,0000-0002-8928-9984,2026-05-01,https://dblp.org/pid/15/745
Thomas A. Henzinger,IST Austria,http://pub.ist.ac.at/~tah,jpgplxUAAAAJ,0000-0002-2985-7724,2026-05-01,https://dblp.org/pid/h/ThomasAHenzinger
Vern Paxson,Univ. of California - Berkeley,http://www.icir.org/vern,HvwPRJ0AAAAJ,0009-0005-2673-543X,2026-05-01,https://dblp.org/pid/p/VernPaxson
Victor Vianu,Univ. of California - San Diego,https://cseweb.ucsd.edu/~vianu,CK_GLC8AAAAJ,0000-0000-0000-0000,2026-05-01,https://dblp.org/pid/v/VictorVianu
Brad A. Myers,Carnegie Mellon University,http://www.cs.cmu.edu/~bam,E1cp_aYAAAAJ,0000-0002-4769-0219,2026-05-01,https://dblp.org/pid/54/1970
Eli Upfal,Brown University,https://cs.brown.edu/people/eli,O_7MVDIAAAAJ,0000-0002-9321-9460,2026-05-01,https://dblp.org/pid/u/EliUpfal
Jennifer Widom,Stanford University,http://infolab.stanford.edu/~widom,zdKmnYwAAAAJ,0000-0000-0000-0000,2026-05-01,https://dblp.org/pid/w/JenniferWidom
Keith D. Cooper,Rice University,https://www.cs.rice.edu/~keith,ubiUvvgAAAAJ,0000-0000-0000-0000,2026-05-01,https://dblp.org/pid/c/KeithDCooper
Krishna V. Palem,Rice University,http://www.cs.rice.edu/~kvp1,TW6dnZUAAAAJ,0000-0000-0000-0000,2026-05-01,https://dblp.org/pid/342/6347
Maurice Herlihy,Brown University,http://cs.brown.edu/~mph,Ezrt3pkAAAAJ,0000-0000-0000-0000,2026-05-01,https://dblp.org/pid/h/MauriceHerlihy
Michael J. Franklin,University of Chicago,https://cs.uchicago.edu/people/michael-franklin,p0sQC6sAAAAJ,0000-0000-0000-0000,2026-05-01,https://dblp.org/pid/f/MJFranklin
Michael P. Wellman,University of Michigan,http://www.eecs.umich.edu/ai/people/wellman,UruIct4AAAAJ,0000-0002-1691-6844,2026-05-01,https://dblp.org/pid/w/MichaelPWellman
Mikkel Thorup,University of Copenhagen,http://www.diku.dk/~mthorup,UPBuOPIAAAAJ,0000-0001-5237-1709,2026-05-01,https://dblp.org/pid/t/MikkelThorup
Ophir Frieder,Georgetown University,http://people.cs.georgetown.edu/~ophir,uUXCSMkAAAAJ,0000-0001-5076-8171,2026-05-01,https://dblp.org/pid/f/OphirFrieder
Phokion G. Kolaitis,Univ. of California - Santa Cruz,https://users.soe.ucsc.edu/~kolaitis,Lu7biGYAAAAJ,0000-0002-8407-8563,2026-05-01,https://dblp.org/pid/k/PGKolaitis
Robert Harper 0001,Carnegie Mellon University,http://www.cs.cmu.edu/~rwh,hbpHGtQAAAAJ,0000-0002-9400-2941,2026-05-01,https://dblp.org/pid/h/RobertHarper
Thomas E. Anderson,University of Washington,http://www.cs.washington.edu/people/faculty/tom,MYqlcPgAAAAJ,0009-0004-2951-0343,2026-05-01,https://dblp.org/pid/a/ThomasEAnderson
Thomas W. Reps,University of Wisconsin - Madison,http://pages.cs.wisc.edu/~reps,pwhyTq0AAAAJ,0000-0002-5676-9949,2026-05-01,https://dblp.org/pid/r/TWReps
Umesh V. Vazirani,Univ. of California - Berkeley,http://www.cs.berkeley.edu/~vazirani,NOSCHOLARPAGE,0000-0000-0000-0000,2026-05-01,https://dblp.org/pid/v/UVVazirani
Uri C. Weiser,Technion,http://webee.technion.ac.il/people/weiser,ctN8BtoAAAAJ,0000-0000-0000-0000,2026-05-01,https://dblp.org/pid/35/1243
Vijay V. Vazirani,Univ. of California - Irvine,https://ics.uci.edu/~vazirani,8eB7Q1kAAAAJ,0000-0002-4106-9077,2026-05-01,https://dblp.org/pid/84/5806
Andrew A. Chien,University of Chicago,http://people.cs.uchicago.edu/~aachien,zkqz0_0AAAAJ,0000-0000-0000-0000,2026-05-01,https://dblp.org/pid/75/6169
Bella Bose,Oregon State University,http://eecs.oregonstate.edu/people/bose-bella,NOSCHOLARPAGE,0009-0009-4992-3184,2026-05-01,https://dblp.org/pid/b/BellaBose
Benjamin W. Wah,Chinese University of Hong Kong,https://wah.cse.cuhk.edu.hk,WL8igVEAAAAJ,0000-0000-0000-0000,2026-05-01,https://dblp.org/pid/w/BenjaminWWah
Luca Cardelli,University of Oxford,https://www.cs.ox.ac.uk/people/luca.cardelli,npBTgSsAAAAJ,0000-0002-8705-8488,2026-05-01,https://dblp.org/pid/c/LucaCardelli
Vicki L. Hanson,Rochester Inst. of Technology,https://vickihanson.org,my5lwzIAAAAJ,0000-0000-0000-0000,2026-05-01,https://dblp.org/pid/38/3540
Yannis E. Ioannidis,University of Athens,http://www.madgik.di.uoa.gr/people/yannis,MIfpzUQAAAAJ,0000-0002-1705-8247,2026-05-01,https://dblp.org/pid/i/YEIoannidis
Anil K. Jain 0001,Michigan State University,https://www.cse.msu.edu/~jain,g-_ZXGsAAAAJ,0000-0002-6369-6995,2026-05-01,https://dblp.org/pid/j/AnilKJain
Barbara J. Grosz,Harvard University,http://grosz.seas.harvard.edu,NOSCHOLARPAGE,0000-0000-0000-0000,2026-05-01,https://dblp.org/pid/g/BarbaraJGrosz
Bonnie Berger,Massachusetts Inst. of Technology,https://people.csail.mit.edu/bab,qMOS01AAAAAJ,0000-0002-2724-7228,2026-05-01,https://dblp.org/pid/b/BonnieBerger
Craig Partridge,Colorado State University,https://compsci.colostate.edu/person/?id=B671CC0FDBA374C584551B7982C0D4DE&sq=t,f-E5nFEAAAAJ,0000-0002-7156-1601,2026-05-01,https://dblp.org/pid/45/6587
Daniel A. Reed,University of Utah,https://www.hpcdan.org,YCw2r14AAAAJ,0000-0000-0000-0000,2026-05-01,https://dblp.org/pid/87/2101
Elisa Bertino,Purdue University,https://www.cs.purdue.edu/people/bertino,EfuT9RoAAAAJ,0000-0002-4029-7051,2026-05-01,https://dblp.org/pid/b/ElisaBertino
Gurindar S. Sohi,University of Wisconsin - Madison,http://pages.cs.wisc.edu/~sohi,NOSCHOLARPAGE,0000-0000-0000-0000,2026-05-01,https://dblp.org/pid/s/GurindarSSohi
H. V. Jagadish,University of Michigan,http://web.eecs.umich.edu/~jag,SKVnHakAAAAJ,0000-0003-0724-5214,2026-05-01,https://dblp.org/pid/j/HVJagadish
Jiawei Han 0001,Univ. of Illinois at Urbana-Champaign,http://hanj.cs.illinois.edu,Kv9AbjMAAAAJ,0000-0002-3629-2696,2026-05-01,https://dblp.org/pid/254/0385
John Millar Carroll,Pennsylvania State University,https://jcarroll.ist.psu.edu,7Mg8JZMAAAAJ,0000-0001-5189-337X,2026-05-01,https://dblp.org/pid/c/JohnACarroll
Kathleen McKeown,Columbia University,http://www.cs.columbia.edu/~kathy,ujDhg2sAAAAJ,0000-0003-4455-2715,2026-05-01,https://dblp.org/pid/m/KathleenMcKeown
Mark A. Horowitz,Stanford University,http://stanford.edu/~horowitz,e7V7-gEAAAAJ,0000-0003-1318-2029,2026-05-01,https://dblp.org/pid/h/MarkHorowitz
Mostafa H. Ammar,Georgia Institute of Technology,http://www.cc.gatech.edu/fac/Mostafa.Ammar,OT79Y9UAAAAJ,0000-0003-2803-300X,2026-05-01,https://dblp.org/pid/a/MHAmmar
Richard A. DeMillo,Georgia Institute of Technology,http://c21u.gatech.edu/team/staff/demillo,Pil9rEEAAAAJ,0000-0000-0000-0000,2026-05-01,https://dblp.org/pid/10/3823
Stuart Russell 0001,Univ. of California - Berkeley,http://www.cs.berkeley.edu/~russell,KJGrjCAAAAAJ,0000-0000-0000-0000,2026-05-01,https://dblp.org/pid/r/SJRussell
Yi-Bing Lin,National Chiao Tung University,http://liny.csie.nctu.edu.tw,NOSCHOLARPAGE,0000-0000-0000-0000,2026-05-01,https://dblp.org/pid/l/YiBingLin
Chilukuri K. Mohan,Syracuse University,http://www.cis.syr.edu/~mohan,41m5j04AAAAJ,0000-0000-0000-0000,2026-05-01,https://dblp.org/pid/30/4639
Jon Crowcroft,University of Cambridge,https://www.cl.cam.ac.uk/~jac22,qnMs-XYAAAAJ,0000-0002-7013-0121,2026-05-01,https://dblp.org/pid/c/JonCrowcroft
Joseph Y. Halpern,Cornell University,https://www.cs.cornell.edu/home/halpern,FsBCAfgAAAAJ,0000-0002-9229-1663,2026-05-01,https://dblp.org/pid/h/JosephYHalpern
Mahadev Satyanarayanan,Carnegie Mellon University,https://www.cs.cmu.edu/~satya,0y6JDD4AAAAJ,0000-0002-2187-2049,2026-05-01,https://dblp.org/pid/s/MahadevSatyanarayanan
Mateo Valero,Polytechnic Univ. of Catalonia,https://www.bsc.es/mateo-valero,MyT3cHQAAAAJ,0000-0003-2917-2482,2026-05-01,https://dblp.org/pid/v/MateoValero
Pankaj K. Agarwal,Duke University,https://users.cs.duke.edu/~pankaj,xe0eVksAAAAJ,0000-0002-9439-181X,2026-05-01,https://dblp.org/pid/a/PankajKAgarwal
Barton P. Miller,University of Wisconsin - Madison,http://pages.cs.wisc.edu/~bart,dywFuRMAAAAJ,0000-0000-0000-0000,2026-05-01,https://dblp.org/pid/m/BartonPMiller
Cherri M. Pancake,Oregon State University,http://eecs.oregonstate.edu/~pancake,NOSCHOLARPAGE,0000-0000-0000-0000,2026-05-01,https://dblp.org/pid/25/2235
Christos H. Papadimitriou,Columbia University,https://www.cs.berkeley.edu/~christos,rXYLXJMAAAAJ,0009-0000-7264-8015,2026-05-01,https://dblp.org/pid/p/CHPapadimitriou
Jack Dongarra,University of Tennessee,http://www.netlib.org/utk/people/JackDongarra,X4SbSTAAAAAJ,0000-0003-3247-1782,2026-05-01,https://dblp.org/pid/d/JackDongarra
Jeffrey Kramer,Imperial College London,http://wp.doc.ic.ac.uk/jk,t-fuDjMAAAAJ,0000-0002-6308-127X,2026-05-01,https://dblp.org/pid/k/JeffKramer
Joan Feigenbaum,Yale University,http://www.cs.yale.edu/~jf,IAeKTGsAAAAJ,0000-0002-3735-6022,2026-05-01,https://dblp.org/pid/f/JoanFeigenbaum
Ouri Wolfson,University of Illinois at Chicago,https://www.cs.uic.edu/~wolfson,zGSP_osAAAAJ,0000-0002-1794-0109,2026-05-01,https://dblp.org/pid/w/OuriWolfson
Ravinderpal Singh Sandhu,University of Texas at San Antonio,http://www.profsandhu.com,wic7YpkAAAAJ,0000-0000-0000-0000,2026-05-01,https://dblp.org/pid/s/RaviSSandhu
Ravishankar K. Iyer,Univ. of Illinois at Urbana-Champaign,https://www.ece.illinois.edu/directory/profile/rkiyer,NOSCHOLARPAGE,0000-0003-2245-3038,2026-05-01,https://dblp.org/pid/i/RavishankarKIyer
Ruby B. Lee,Princeton University,https://www.princeton.edu/~rblee,odeKATgAAAAJ,0000-0000-0000-0000,2026-05-01,https://dblp.org/pid/87/4706
Susan B. Davidson,University of Pennsylvania,http://www.cis.upenn.edu/~susan,LW4lnZYAAAAJ,0009-0003-9259-9662,2026-05-01,https://dblp.org/pid/d/SBDavidson
Douglas E. Comer,Purdue University,https://www.cs.purdue.edu/homes/comer,b2f-PjYAAAAJ,0000-0000-0000-0000,2026-05-01,https://dblp.org/pid/c/DouglasComer
Francine Berman,Rensselaer Polytechnic Institute,http://www.cs.rpi.edu/~bermaf,NOSCHOLARPAGE,0000-0001-8505-1752,2026-05-01,https://dblp.org/pid/b/FBerman
Henry F. Korth,Lehigh University,http://www.cse.lehigh.edu/~korth,4VLZdawAAAAJ,0000-0000-0000-0000,2026-05-01,https://dblp.org/pid/k/HenryFKorth
Larry L. Peterson,University of Arizona,https://www.cs.arizona.edu/~llp,hmq4rGIAAAAJ,0000-0000-0000-0000,2026-05-01,https://dblp.org/pid/29/10895
Michael J. Carey 0001,Univ. of California - Irvine,http://www.ics.uci.edu/~mjcarey,B8tFrksAAAAJ,0000-0000-0000-0000,2026-05-01,https://dblp.org/pid/31/3455
Moshe Y. Vardi,Rice University,http://www.cs.rice.edu/~vardi,DQaARsgAAAAJ,0000-0002-0661-5773,2026-05-01,https://dblp.org/pid/v/MosheYVardi
Peter Buneman,University of Edinburgh,http://homepages.inf.ed.ac.uk/opb,d9bq04sAAAAJ,0009-0004-9056-8587,2026-05-01,https://dblp.org/pid/b/PeterBuneman
Ken Birman,Cornell University,http://www.cs.cornell.edu/ken,I-rKkyEAAAAJ,0000-0003-2400-149X,2026-05-01,https://dblp.org/pid/b/KPBirman
Leonidas J. Guibas,Stanford University,https://profiles.stanford.edu/leonidas-guibas,5JlEyTAAAAAJ,0000-0002-8315-4886,2026-05-01,https://dblp.org/pid/g/LeonidasJGuibas
Mary Lou Soffa,University of Virginia,http://www.cs.virginia.edu/~soffa/index.html%3Fp=6.html,KWiJaj8AAAAJ,0000-0002-3665-7763,2026-05-01,https://dblp.org/pid/s/MaryLouSoffa
Richard T. Snodgrass,University of Arizona,http://www.cs.arizona.edu/~rts,BkrB4awAAAAJ,0000-0000-0000-0000,2026-05-01,https://dblp.org/pid/s/RichardTSnodgrass
Ronald J. Brachman,Cornell University,http://brachman.org,NOSCHOLARPAGE,0000-0000-0000-0000,2026-05-01,https://dblp.org/pid/b/RJBrachman
Takeo Kanade,Carnegie Mellon University,http://www.ri.cmu.edu/people/kanade_takeo.html,LQ87h3sAAAAJ,0000-0000-0000-0000,2026-05-01,https://dblp.org/pid/k/TakeoKanade
David Maier 0001,Portland State University,https://web.cecs.pdx.edu/~maier,80pKMyMAAAAJ,0009-0002-9146-5411,2026-05-01,https://dblp.org/pid/m/DavidMaier
Dharma Agrawal,University of Cincinnati,http://eecs.ceas.uc.edu/~dpa,NOSCHOLARPAGE,0000-0000-0000-0000,2026-05-01,https://dblp.org/pid/a/DharmaPAgrawal
Eugene H. Spafford,Purdue University,https://spaf.cerias.purdue.edu,MkC5kHcAAAAJ,0000-0002-5555-8330,2026-05-01,https://dblp.org/pid/s/EugeneHSpafford
Éva Tardos,Cornell University,http://www.cs.cornell.edu/~eva,h6jljQQAAAAJ,0000-0002-2978-1475,2026-05-01,https://dblp.org/pid/t/EvaTardos
Gregory R. Andrews,University of Arizona,http://www.cs.arizona.edu/~greg,4LCdnkYAAAAJ,0000-0000-0000-0000,2026-05-01,https://dblp.org/pid/a/GregoryRAndrews
Hal Berghel,University of Nevada Las Vegas,http://www.berghel.net/home.php,NOSCHOLARPAGE,0000-0000-0000-0000,2026-05-01,https://dblp.org/pid/b/HalBerghel
Mihalis Yannakakis,Columbia University,http://www.cs.columbia.edu/~mihalis,_pPy-pAAAAAJ,0000-0003-2857-1860,2026-05-01,https://dblp.org/pid/y/MihalisYannakakis
Donald F. Towsley,Univ. of Massachusetts Amherst,https://www.cics.umass.edu/about/directory/donald-towsley,KIFPVWoAAAAJ,0000-0002-7808-7375,2026-05-01,https://dblp.org/pid/t/DonaldFTowsley
Elaine J. Weyuker,University of Central Florida,https://www.cs.ucf.edu/person/elaine-weyuker,xXjQoLIAAAAJ,0000-0000-0000-0000,2026-05-01,https://dblp.org/pid/55/1672
John H. Reif,Duke University,https://users.cs.duke.edu/~reif,Er-gEaoAAAAJ,0000-0000-0000-0000,2026-05-01,https://dblp.org/pid/r/JohnHReif
John L. Hennessy,Stanford University,https://president.stanford.edu/biography,tp07xT0AAAAJ,0000-0000-0000-0000,2026-05-01,https://dblp.org/pid/h/JohnLHennessy
Nancy A. Lynch,Massachusetts Inst. of Technology,https://people.csail.mit.edu/lynch,LPTkkxUAAAAJ,0000-0000-0000-0000,2026-05-01,https://dblp.org/pid/l/NancyALynch
Peter Widmayer,ETH Zurich,https://www.inf.ethz.ch/personal/widmayer,NOSCHOLARPAGE,0000-0000-0000-0000,2026-05-01,https://dblp.org/pid/w/PeterWidmayer
Richard A. Kemmerer,Univ. of California - Santa Barbara,https://www.cs.ucsb.edu/~kemm,NOSCHOLARPAGE,0000-0000-0000-0000,2026-05-01,https://dblp.org/pid/k/RAKemmerer
Abraham Silberschatz,Yale University,http://www.cs.yale.edu/~avi,-YvgZDEAAAAJ,0000-0000-0000-0000,2026-05-01,https://dblp.org/pid/s/AbrahamSilberschatz
Andrew S. Tanenbaum,VU Amsterdam,http://www.cs.vu.nl/~ast,TvjaNqkAAAAJ,0000-0002-9547-801X,2026-05-01,https://dblp.org/pid/t/AndrewSTanenbaum
B. Chandrasekaran 0002,VU Amsterdam,https://balakrishnanc.github.io,wDjUEMMAAAAJ,0000-0000-0000-0000,2026-05-01,https://dblp.org/pid/c/BChandrasekaran
Barbara Liskov,Massachusetts Inst. of Technology,https://www.csail.mit.edu/user/971,NOSCHOLARPAGE,0000-0000-0000-0000,2026-05-01,https://dblp.org/pid/l/BarbaraLiskov
Bernard Chazelle,Princeton University,https://www.cs.princeton.edu/~chazelle,C1VwgssAAAAJ,0000-0000-0000-0000,2026-05-01,https://dblp.org/pid/c/BernardChazelle
Hanan Samet,Univ. of Maryland - College Park,https://www.cs.umd.edu/people/hjs,ATOfqHEAAAAJ,0000-0001-8230-0653,2026-05-01,https://dblp.org/pid/s/HananSamet
Ian H. Witten,University of Waikato,http://www.cs.waikato.ac.nz/~ihw,BSFdGw0AAAAJ,0000-0001-6428-8988,2026-05-01,https://dblp.org/pid/w/IanHWitten
John A. Stankovic,University of Virginia,https://engineering.virginia.edu/faculty/john-stankovic,4VJre9IAAAAJ,0000-0001-7307-9395,2026-05-01,https://dblp.org/pid/s/JohnAStankovic
Mary Shaw,Carnegie Mellon University,http://www.cs.cmu.edu/~shaw,CTXoO1AAAAAJ,0000-0003-1337-4557,2026-05-01,https://dblp.org/pid/93/5634
Michael J. Fischer,Yale University,http://www.cs.yale.edu/~fischer,mnq4vRgAAAAJ,0000-0000-0000-0000,2026-05-01,https://dblp.org/pid/f/MichaelJFischer
Narsingh Deo,University of Central Florida,http://www.cs.ucf.edu/~deo,2uiQgfMAAAAJ,0000-0000-0000-0000,2026-05-01,https://dblp.org/pid/93/4704
Ravi Sethi,University of Arizona,https://www.cs.arizona.edu/~rsethi,ID4wZFwAAAAJ,0000-0000-0000-0000,2026-05-01,https://dblp.org/pid/34/3026
Sartaj K. Sahni,University of Florida,http://www.cise.ufl.edu/~sahni,gMQWxE0AAAAJ,0000-0000-0000-0000,2026-05-01,https://dblp.org/pid/s/SartajSahni
Uzi Vishkin,Univ. of Maryland - College Park,https://www.cs.umd.edu/people/vishkin,1r8HluQAAAAJ,0000-0003-0713-2674,2026-05-01,https://dblp.org/pid/v/UziVishkin
Alan H. Barr,California Inst. of Technology,http://www.eas.caltech.edu/people/2923/profile,NOSCHOLARPAGE,0000-0000-0000-0000,2026-05-01,https://dblp.org/pid/51/687
Andrew C. Yao,Tsinghua University,http://iiis.tsinghua.edu.cn/yao,NOSCHOLARPAGE,0000-0000-0000-0000,2026-05-01,https://dblp.org/pid/y/AndrewChiChihYao
Donald Greenberg,Cornell University,http://aap.cornell.edu/people/donald-greenberg,NOSCHOLARPAGE,0000-0000-0000-0000,2026-05-01,https://dblp.org/pid/g/DonaldPGreenberg
Fred B. Schneider,Cornell University,https://www.cs.cornell.edu/fbs,sxjynOsAAAAJ,0000-0000-0000-0000,2026-05-01,https://dblp.org/pid/s/FredBSchneider
Henry Fuchs,University of North Carolina,http://henryfuchs.web.unc.edu,guhwcP8AAAAJ,0000-0002-8834-4638,2026-05-01,https://dblp.org/pid/f/HenryFuchs
J. P. Misra,BITS Pilani,http://www.bits-pilani.ac.in/pilani/computerscience/Faculty,7HBV4QwAAAAJ,0000-0000-0000-0000,2026-05-01,https://dblp.org/pid/m/JayadevMisra
S. Lakshmivarahan,University of Oklahoma,http://www.ou.edu/coe/cs/people/varahan,NOSCHOLARPAGE,0000-0000-0000-0000,2026-05-01,https://dblp.org/pid/l/SLakshmivarahan
Zvi Galil,Georgia Institute of Technology,http://www.cc.gatech.edu/people/zvi-galil,NOSCHOLARPAGE,0000-0000-0000-0000,2026-05-01,https://dblp.org/pid/g/ZviGalil
Andries van Dam,Brown University,http://cs.brown.edu/~avd,NOSCHOLARPAGE,0000-0000-0000-0000,2026-05-01,https://dblp.org/pid/d/AvDam
Daniel P. Siewiorek,Carnegie Mellon University,https://www.cs.cmu.edu/~dps,B13SvmAAAAAJ,0000-0001-6644-3929,2026-05-01,https://dblp.org/pid/50/842
David Harel,Weizmann Institute of Science,http://www.wisdom.weizmann.ac.il/~dharel,E20Gzu0AAAAJ,0000-0001-7240-3931,2026-05-01,https://dblp.org/pid/h/DavidHarel
Gerald J. Sussman,Massachusetts Inst. of Technology,https://www.csail.mit.edu/user/1512,NOSCHOLARPAGE,0000-0000-0000-0000,2026-05-01,https://dblp.org/pid/s/GeraldJSussman
Robert E. Tarjan,Princeton University,https://www.cs.princeton.edu/~ret,lazJixIAAAAJ,0000-0000-0000-0000,2026-05-01,https://dblp.org/pid/t/RobertEndreTarjan
Ronald L. Rivest,Massachusetts Inst. of Technology,http://people.csail.mit.edu/rivest,6qE0tdAAAAAJ,0000-0000-0000-0000,2026-05-01,https://dblp.org/pid/r/RonaldLRivest
Thomas A. DeFanti,University of Illinois at Chicago,https://www.cs.uic.edu/~tom,NOSCHOLARPAGE,0000-0000-0000-0000,2026-05-01,https://dblp.org/pid/d/ThomasADeFanti
