name,profile,crawl_date
Ahmed E. Hassan,https://scholar.google.com/citations?user=9hwXx34AAAAJ,2026-04-28
Alex Pothen,https://scholar.google.com/citations?user=_Fah5fwAAAAJ,2026-04-28
Anima Anandkumar,https://scholar.google.com/citations?user=bEcLezcAAAAJ,2026-04-28
Ashutosh Sabharwal,https://scholar.google.com/citations?user=MiqMO-kAAAAJ,2026-04-28
Bill Curtis,https://scholar.google.com/citations?user=D5IKxV8AAAAJ,2026-04-28
Boaz Barak,https://scholar.google.com/citations?user=I0fbJ6cAAAAJ,2026-04-28
Bronis R. de Supinski,https://scholar.google.com/citations?user=iuEBM58AAAAJ,2026-04-28
Chung C Kuo,https://scholar.google.com/citations?user=7zNrjLsAAAAJ,2026-04-28
Constantinos Daskalakis,https://scholar.google.com/citations?user=iTv2cOgAAAAJ,2026-04-28
Corinna Cortes,https://scholar.google.com/citations?user=U_IVY50AAAAJ,2026-04-28
Craig Gotsman,https://scholar.google.com/citations?user=0JRBzUEAAAAJ,2026-04-28
Denis Zorin,https://scholar.google.com/citations?user=cagVT0AAAAAJ,2026-04-28
Dong Yu,https://scholar.google.com/citations?user=tMY31_gAAAAJ,2026-04-28
Ed H. Chi,https://scholar.google.com/citations?user=VuWl-KUAAAAJ,2026-04-28
Farinaz Koushanfar,https://scholar.google.com/citations?user=3XnMVUAAAAAJ,2026-04-28
Hang Li,https://scholar.google.com/citations?user=nTl5mSwAAAAJ,2026-04-28
Michael W Hicks,https://scholar.google.com/citations?user=Gggzp7UAAAAJ,2026-04-28
Eric Xing,https://scholar.google.com/citations?user=5pKTRxEAAAAJ,2026-04-28
Gary J. Sullivan,https://scholar.google.com/citations?user=5g5a1SgAAAAJ,2026-04-28
Gonzalo Navarro,https://scholar.google.com/citations?user=_fx52FkAAAAJ,2026-04-28
Haitao Zheng,https://scholar.google.com/citations?user=XrIr0nYAAAAJ,2026-04-28
Hiroshi Ishii,https://scholar.google.com/citations?user=wS0qP_MAAAAJ,2026-04-28
Jaime Teevan,https://scholar.google.com/citations?user=F5Ik84MAAAAJ,2026-04-28
Jason Hong,https://scholar.google.com/citations?user=MoFbcc0AAAAJ,2026-04-28
John Stasko,https://scholar.google.com/citations?user=2PxFftgAAAAJ,2026-04-28
Kalyanmoy Deb,https://scholar.google.com/citations?user=paTAXiIAAAAJ,2026-04-28
Kentaro Toyama,https://scholar.google.com/citations?user=JdxjEQIAAAAJ,2026-04-28
Maneesh Agrawala,https://scholar.google.com/citations?user=YPzKczYAAAAJ,2026-04-28
Marc Pollefeys,https://scholar.google.com/citations?user=YYH0BjEAAAAJ,2026-04-28
Michel Beaudouin-Lafon,https://scholar.google.com/citations?user=OucrYFkAAAAJ,2026-04-28
Nitesh Chawla,https://scholar.google.com/citations?user=hDLBEhkAAAAJ,2026-04-28
Peter Boncz,https://scholar.google.com/citations?user=DCIZE1kAAAAJ,2026-04-28
Moinuddin Qureshi,https://scholar.google.com/citations?user=EWU0STsAAAAJ,2026-04-28
Joerg Henkel,https://scholar.google.com/citations?user=AmnIAhEAAAAJ,2026-04-28
Samir Khuller,https://scholar.google.com/citations?user=6vXTtDQAAAAJ,2026-04-28
Stefano Soatto,https://scholar.google.com/citations?user=lH1PdF8AAAAJ,2026-04-28
Radu Marculescu,https://scholar.google.com/citations?user=ZCmYP5cAAAAJ,2026-04-28
Rafael Pass,https://scholar.google.com/citations?user=_7IzKZQAAAAJ,2026-04-28
Ranveer Chandra,https://scholar.google.com/citations?user=Zq4ioqu5yb8C,2026-04-28
Rene Vidal,https://scholar.google.com/citations?user=uT8fgagAAAAJ,2026-04-28
Sandy Irani,https://scholar.google.com/citations?user=dBhm_oIAAAAJ,2026-04-28
Sebastian Elbaum,https://scholar.google.com/citations?user=swPW5FYAAAAJ,2026-04-28
Sumi Helal,https://scholar.google.com/citations?user=mTJLF-sAAAAJ,2026-04-28
Tim Sherwood,https://scholar.google.com/citations?user=nLuHfy4AAAAJ,2026-04-28
Torsten Hoefler,https://scholar.google.com/citations?user=DdBvcBEAAAAJ,2026-04-28
Wenwu Zhu,https://scholar.google.com/citations?user=7t2jzpgAAAAJ,2026-04-28
Jimmy Lin,https://scholar.google.com/citations?user=0EWw1z8AAAAJ,2026-04-28
Yizhou Yu,https://scholar.google.com/citations?user=e38fTZQAAAAJ,2026-04-28
Zhendong Su,https://scholar.google.com/citations?user=RivxoIcAAAAJ,2026-04-28
Anind Dey,https://scholar.google.com/citations?user=ydA8Q5AAAAAJ,2026-04-28
Anupam Gupta,https://scholar.google.com/citations?user=g87CIwgAAAAJ,2026-04-28
Aravinda P Sistla,https://scholar.google.com/citations?user=P-wJ6Y4AAAAJ,2026-04-28
Batya Friedman,https://scholar.google.com/citations?user=dkjR4cAAAAAJ,2026-04-28
Bernhard Nebel,https://scholar.google.com/citations?user=4MhUHPcAAAAJ,2026-04-28
Bernt Schiele,https://scholar.google.com/citations?user=z76PBfYAAAAJ,2026-04-28
Bjorner Nikolaj,https://scholar.google.com/citations?user=kja6dIzH9GwJ,2026-04-28
Deepak Ganesan,https://scholar.google.com/citations?user=cbTB5-EAAAAJ,2026-04-28
Ryen W White,https://scholar.google.com/citations?user=U69fiZMAAAAJ,2026-04-28
Mark Tehranipoor,https://scholar.google.com/citations?user=n9JsBeAAAAAJ,2026-04-28
Alla Sheffer,https://scholar.google.com/citations?user=IgkGxLsAAAAJ,2026-04-28
Brent Waters,https://scholar.google.com/citations?user=VEKxHOAAAAAJ,2026-04-28
Tanzeem Choudhury,https://scholar.google.com/citations?user=-pyztDMAAAAJ,2026-04-28
Edward Y Chang,https://scholar.google.com/citations?user=pZmOvyYAAAAJ,2026-04-28
Elad Hazan,https://scholar.google.com/citations?user=LnhCGNMAAAAJ,2026-04-28
Elchanan Mossel,https://scholar.google.com/citations?user=5t2myD8AAAAJ,2026-04-28
Evgeniy Gabrilovich,https://scholar.google.com/citations?user=DKCx8hcAAAAJ,2026-04-28
Gautam Das,https://scholar.google.com/citations?user=oleB9xIAAAAJ,2026-04-28
Hai Li,https://scholar.google.com/citations?user=u7xU-J4AAAAJ,2026-04-28
Hubertus Franke,https://scholar.google.com/citations?user=iklPa0oAAAAJ,2026-04-28
Joel Ouaknine,https://scholar.google.com/citations?user=ZfE4iQ4AAAAJ,2026-04-28
Jonathan Katz,https://scholar.google.com/citations?user=H4rKFc8AAAAJ,2026-04-28
Judith Gal-Ezer,https://scholar.google.com/citations?user=Z67FftMAAAAJ,2026-04-28
Lieven Eeckhout,https://scholar.google.com/citations?user=biYmJXsAAAAJ,2026-04-28
Lin Zhong,https://scholar.google.com/citations?user=HeHFFW8AAAAJ,2026-04-28
Luca Trevisan,https://scholar.google.com/citations?user=4yuKD_AAAAAJ,2026-04-28
Martin Farach-Colton,https://scholar.google.com/citations?user=2uHUSa8AAAAJ,2026-04-28
Matthew T Mason,https://scholar.google.com/citations?user=D_JpQnAAAAAJ,2026-04-28
Meenakshi Balakrishnan,https://scholar.google.com/citations?user=G8StE6wAAAAJ,2026-04-28
Ming-Hsuan Yang,https://scholar.google.com/citations?user=p9-ohHsAAAAJ,2026-04-28
Mohammed Zaki,https://scholar.google.com/citations?user=UmwJklEAAAAJ,2026-04-28
Munindar P. Singh,https://scholar.google.com/citations?user=qNznu3kAAAAJ,2026-04-28
Ninghui Li,https://scholar.google.com/citations?user=XpHwrPsAAAAJ,2026-04-28
Ben Y. Zhao,https://scholar.google.com/citations?user=cYReSuEAAAAJ,2026-04-28
Daniel Cohen-Or,https://scholar.google.com/citations?user=fAxws1sAAAAJ,2026-04-28
David A Bader,https://scholar.google.com/citations?user=uXUA1pgAAAAJ,2026-04-28
David Z. Pan,https://scholar.google.com/citations?user=3aLlroEAAAAJ,2026-04-28
Jie Tang,https://scholar.google.com/citations?user=n1zDCkQAAAAJ,2026-04-28
Pierangela Samarati,https://scholar.google.com/citations?user=nAGXeFkAAAAJ,2026-04-28
Rafail Ostrovsky,https://scholar.google.com/citations?user=UvFrX04AAAAJ,2026-04-28
Wenping Wang,https://scholar.google.com/citations?user=28shvv0AAAAJ,2026-04-28
David R Kaeli,https://scholar.google.com/citations?user=Mkgn0qcAAAAJ,2026-04-28
Robert B Ross,https://scholar.google.com/citations?user=hvS9R4wAAAAJ,2026-04-28
Robert Kleinberg,https://scholar.google.com/citations?user=zkvW8FQAAAAJ,2026-04-28
Scott Smolka,https://scholar.google.com/citations?user=4q-QenMAAAAJ,2026-04-28
Shaz Qadeer,https://scholar.google.com/citations?user=EqIVfYcAAAAJ,2026-04-28
Shlomo Zilberstein,https://scholar.google.com/citations?user=q_n7d6EAAAAJ,2026-04-28
Steve Marschner,https://scholar.google.com/citations?user=llo3F3QAAAAJ,2026-04-28
Sunita Sarawagi,https://scholar.google.com/citations?user=Hg4HmTAAAAAJ,2026-04-28
Sushil Jajodia,https://scholar.google.com/citations?user=lOZ1vHIAAAAJ,2026-04-28
Szymon Rusinkiewicz,https://scholar.google.com/citations?user=RaScARwAAAAJ,2026-04-28
Thomas Zimmermann,https://scholar.google.com/citations?user=5zvbpooAAAAJ,2026-04-28
Xiaobo Sharon Hu,https://scholar.google.com/citations?user=tQRvus8AAAAJ,2026-04-28
Zachary Ives,https://scholar.google.com/citations?user=2wJaIkEAAAAJ,2026-04-28
Zygmunt J. Haas,https://scholar.google.com/citations?user=tk8qFe0AAAAJ,2026-04-28
Adam Smith,https://scholar.google.com/citations?user=fkGi-JMAAAAJ,2026-04-28
Adi Shamir,https://scholar.google.com/citations?user=EHLBP20AAAAJ,2026-04-28
Alan Edelman,https://scholar.google.com/citations?user=QVBIKh4AAAAJ,2026-04-28
Andrea Arpaci-Dusseau,https://scholar.google.com/citations?user=8VkvOEEAAAAJ,2026-04-28
Andrew D. Gordon,https://scholar.google.com/citations?user=mfBjUiIAAAAJ,2026-04-28
Andrew Tomkins,https://scholar.google.com/citations?user=-JOkpfQAAAAJ,2026-04-28
Antonio Gonzalez,https://scholar.google.com/citations?user=d5EXd78AAAAJ,2026-04-28
Arvind Krishnamurthy,https://scholar.google.com/citations?user=EnCwNycAAAAJ,2026-04-28
Brian Levine,https://scholar.google.com/citations?user=Q5nMrwkAAAAJ,2026-04-28
Cormac Flanagan,https://scholar.google.com/citations?user=XkiApd4AAAAJ,2026-04-28
David Brooks,https://scholar.google.com/citations?user=TaiBcxgAAAAJ,2026-04-28
David Maltz,https://scholar.google.com/citations?user=-YmsnYMAAAAJ,2026-04-28
Chenyang Lu,https://scholar.google.com/citations?user=tCq7Wx0AAAAJ,2026-04-28
Holger H. Hoos,https://scholar.google.com/citations?user=l6c85tMAAAAJ,2026-04-28
Dieter Fox,https://scholar.google.com/citations?user=DqXsbPAAAAAJ,2026-04-28
Keshab K. Parhi,https://scholar.google.com/citations?user=G8RIjYMAAAAJ,2026-04-28
Lizy Kurian John,https://scholar.google.com/citations?user=YPu9rWUAAAAJ,2026-04-28
Meredith Ringel Morris,https://scholar.google.com/citations?user=eJsW6W8AAAAJ,2026-04-28
Nicholas Duffield,https://scholar.google.com/citations?user=hrQOcZcAAAAJ,2026-04-28
Filippo Menczer,https://scholar.google.com/citations?user=f_kGJwkAAAAJ,2026-04-28
Gordon Plotkin,https://scholar.google.com/citations?user=0KiEfGcAAAAJ,2026-04-28
Haesun Park,https://scholar.google.com/citations?user=G6kA1CMAAAAJ,2026-04-28
Heng Tao Shen,https://scholar.google.com/citations?user=krryaDkAAAAJ,2026-04-28
Jodi Forlizzi,https://scholar.google.com/citations?user=Hyhp_zUAAAAJ,2026-04-28
John Canny,https://scholar.google.com/citations?user=LAv0HTEAAAAJ,2026-04-28
Joost-Pieter Katoen,https://scholar.google.com/citations?user=yjjO5_oAAAAJ,2026-04-28
Jose Meseguer,https://scholar.google.com/citations?user=KZFo7ZkAAAAJ,2026-04-28
Kevin Leyton-Brown,https://scholar.google.com/citations?user=_4dnp0IAAAAJ,2026-04-28
Kui Ren,https://scholar.google.com/citations?user=uuQA_rcAAAAJ,2026-04-28
Kun Zhou,https://scholar.google.com/citations?user=Xk9oMnIAAAAJ,2026-04-28
Leandros Tassiulas,https://scholar.google.com/citations?user=9qtgcZ8AAAAJ,2026-04-28
Lionel Briand,https://scholar.google.com/citations?user=Zj897NoAAAAJ,2026-04-28
Maja Mataric,https://scholar.google.com/citations?user=o5YQMkMAAAAJ,2026-04-28
Manish Parashar,https://scholar.google.com/citations?user=BGNzBsUAAAAJ,2026-04-28
Mary Beth Rosson,https://scholar.google.com/citations?user=1GUWOTEAAAAJ,2026-04-28
Mathieu Desbrun,https://scholar.google.com/citations?user=a8ZyGisAAAAJ,2026-04-28
Moni Naor,https://scholar.google.com/citations?user=stSUaHAAAAAJ,2026-04-28
Moses Charikar,https://scholar.google.com/citations?user=zX3ba1kAAAAJ,2026-04-28
Nachiappan Nagappan,https://scholar.google.com/citations?user=Nzx_7P8AAAAJ,2026-04-28
Nam Sung Kim,https://scholar.google.com/citations?user=iccBxJIAAAAJ,2026-04-28
Nicholas Higham,https://scholar.google.com/citations?user=EYlMkOgAAAAJ,2026-04-28
Olga Sorkine-Hornung,https://scholar.google.com/citations?user=GBU568oAAAAJ,2026-04-28
Patrick Cousot,https://scholar.google.com/citations?user=mhlvI8wAAAAJ,2026-04-28
Paul Resnick,https://scholar.google.com/citations?user=SftrEEMAAAAJ,2026-04-28
Prakash Panangaden,https://scholar.google.com/citations?user=IROzEKQAAAAJ,2026-04-28
Amit Sheth,https://scholar.google.com/citations?user=2T3H4ekAAAAJ,2026-04-28
Anantha Chandrakasan,https://scholar.google.com/citations?user=N6ah30sAAAAJ,2026-04-28
Ihab F. Ilyas,https://scholar.google.com/citations?user=YG6mTEIAAAAJ,2026-04-28
Suman Banerjee,https://scholar.google.com/citations?user=cLb-v7gAAAAJ,2026-04-28
Daniel J Abadi,https://scholar.google.com/citations?user=zxeEF2gAAAAJ,2026-04-28
David Kotz,https://scholar.google.com/citations?user=s5QkqdcAAAAJ,2026-04-28
Olga Troyanskaya,https://scholar.google.com/citations?user=PjCDBjIAAAAJ,2026-04-28
Radhika Nagpal,https://scholar.google.com/citations?user=a3ZGDsoAAAAJ,2026-04-28
Ran Canetti,https://scholar.google.com/citations?user=-PWcE1YAAAAJ,2026-04-28
Ravi Kumar,https://scholar.google.com/citations?user=J_XhIsgAAAAJ,2026-04-28
Remzi Arpaci-Dusseau,https://scholar.google.com/citations?user=C1skWKgAAAAJ,2026-04-28
Rick Stevens,https://scholar.google.com/citations?user=2oSSsLYAAAAJ,2026-04-28
Sam H. Noh,https://scholar.google.com/citations?user=i5lr8uEAAAAJ,2026-04-28
Samuel Madden,https://scholar.google.com/citations?user=a1ngrCIAAAAJ,2026-04-28
Sanjay Ghemawat,https://scholar.google.com/citations?user=0KF6ZC8AAAAJ,2026-04-28
Scott Mahlke,https://scholar.google.com/citations?user=-XpZ4fgAAAAJ,2026-04-28
Sethuraman Panchanathan,https://scholar.google.com/citations?user=GKTKZ8kAAAAJ,2026-04-28
Shuicheng Yan,https://scholar.google.com/citations?user=DNuiPHwAAAAJ,2026-04-28
Srinivas Aluru,https://scholar.google.com/citations?user=YOGOScoAAAAJ,2026-04-28
Steven Gribble,https://scholar.google.com/citations?user=7CohtIMAAAAJ,2026-04-28
Steven H. Low,https://scholar.google.com/citations?user=4BrebIYAAAAJ,2026-04-28
Steven Salzberg,https://scholar.google.com/citations?user=sUVeH-4AAAAJ,2026-04-28
Sven Koenig,https://scholar.google.com/citations?user=tpoh43QAAAAJ,2026-04-28
Thomas Eiter,https://scholar.google.com/citations?user=X1L03cIAAAAJ,2026-04-28
Toby Walsh,https://scholar.google.com/citations?user=oOQ6x0IAAAAJ,2026-04-28
Volker Markl,https://scholar.google.com/citations?user=el2k_oIAAAAJ,2026-04-28
Xuelong LI,https://scholar.google.com/citations?user=ahUibskAAAAJ,2026-04-28
Yiran Chen,https://scholar.google.com/citations?user=3G-nnjMAAAAJ,2026-04-28
Yufei Tao,https://scholar.google.com/citations?user=3FmJBHkAAAAJ,2026-04-28
Christian Cachin,https://scholar.google.com/citations?user=c8zferMAAAAJ,2026-04-28
Claire Cardie,https://scholar.google.com/citations?user=ex9BQiIAAAAJ,2026-04-28
Darrell Whitley,https://scholar.google.com/citations?user=0VzUxIcAAAAJ,2026-04-28
Dawn Song,https://scholar.google.com/citations?user=84WzBlYAAAAJ,2026-04-28
Diego Calvanese,https://scholar.google.com/citations?user=We0kRfEAAAAJ,2026-04-28
Deborah Frincke,https://scholar.google.com/citations?user=LO7ZkPgAAAAJ,2026-04-28
Magdalena Balazinska,https://scholar.google.com/citations?user=DDxFvcIAAAAJ,2026-04-28
Ronald F Boisvert,https://scholar.google.com/citations?user=ctI1jBAAAAAJ,2026-04-28
Scott J Aaronson,https://scholar.google.com/citations?user=EYv2BNQAAAAJ,2026-04-28
Giovanni Vigna,https://scholar.google.com/citations?user=2eM6GocAAAAJ,2026-04-28
Hanspeter Pfister,https://scholar.google.com/citations?user=VWX-GMAAAAAJ,2026-04-28
Jeffrey S Rosenschein,https://scholar.google.com/citations?user=TIQlTAEAAAAJ,2026-04-28
Kavita Bala,https://scholar.google.com/citations?user=Rh16nsIAAAAJ,2026-04-28
Lidong Zhou,https://scholar.google.com/citations?user=rillZYsAAAAJ,2026-04-28
Lise Getoor,https://scholar.google.com/citations?user=Y8-xGncAAAAJ,2026-04-28
Marc Najork,https://scholar.google.com/citations?user=7HeAnjwAAAAJ,2026-04-28
Michael J. Freedman,https://scholar.google.com/citations?user=BFE6IQwAAAAJ,2026-04-28
Mihai Pop,https://scholar.google.com/citations?user=4glkLD0AAAAJ,2026-04-28
Mona Singh,https://scholar.google.com/citations?user=JpAehzgAAAAJ,2026-04-28
Moshe Tennenholtz,https://scholar.google.com/citations?user=65FCPpwAAAAJ,2026-04-28
Noshir Contractor,https://scholar.google.com/citations?user=Fqw9o84AAAAJ,2026-04-28
Paul Beame,https://scholar.google.com/citations?user=plYoF-MAAAAJ,2026-04-28
Philip R Cohen,https://scholar.google.com/citations?user=V72PR9wAAAAJ,2026-04-28
Diana Marculescu,https://scholar.google.com/citations?user=MRHzTAIAAAAJ,2026-04-28
Dacheng Tao,https://scholar.google.com/citations?user=RwlJNLcAAAAJ,2026-04-28
Yuan Xie,https://scholar.google.com/citations?user=dK2ZuDcAAAAJ,2026-04-28
Rada Mihalcea,https://scholar.google.com/citations?user=UetM7FgAAAAJ,2026-04-28
Robin R Murphy,https://scholar.google.com/citations?user=SIcRijoAAAAJ,2026-04-28
Saman Amarasinghe,https://scholar.google.com/citations?user=cF6i_goAAAAJ,2026-04-28
Sheila McIlraith,https://scholar.google.com/citations?user=ny2zuvMAAAAJ,2026-04-28
Songwu Lu,https://scholar.google.com/citations?user=PVdTviYAAAAJ,2026-04-28
Srdjan Capkun,https://scholar.google.com/citations?user=VtkPBNsAAAAJ,2026-04-28
Srinivasan Seshan,https://scholar.google.com/citations?user=0irVeiQAAAAJ,2026-04-28
Subbarao Kambhampati,https://scholar.google.com/citations?user=yl3L07sAAAAJ,2026-04-28
Tamara G Kolda,https://scholar.google.com/citations?user=9hjmW7AAAAAJ,2026-04-28
Tarek Abdelzaher,https://scholar.google.com/citations?user=cA28Zs0AAAAJ,2026-04-28
Timothy Pinkston,https://scholar.google.com/citations?user=eZSkx1wAAAAJ,2026-04-28
Vincent Conitzer,https://scholar.google.com/citations?user=juRk4lQAAAAJ,2026-04-28
Wendy Elizabeth Mackay,https://scholar.google.com/citations?user=nxSqwG4AAAAJ,2026-04-28
Xiangyang Li,https://scholar.google.com/citations?user=wZKoSgsAAAAJ,2026-04-28
Xilin Chen,https://scholar.google.com/citations?user=vVx2v20AAAAJ,2026-04-28
Alec Wolman,https://scholar.google.com/citations?user=DVml6kMAAAAJ,2026-04-28
Alex C. Snoeren,https://scholar.google.com/citations?user=lBzZU1IAAAAJ,2026-04-28
Dan Halperin,https://scholar.google.com/citations?user=2-e0jiEAAAAJ,2026-04-28
David Parkes,https://scholar.google.com/citations?user=JUn8PgwAAAAJ,2026-04-28
Kimberly Keeton,https://scholar.google.com/citations?user=wR_tv-kAAAAJ,2026-04-28
Matthew Roughan,https://scholar.google.com/citations?user=Mnkm_NsAAAAJ,2026-04-28
Aaron Hertzmann,https://scholar.google.com/citations?user=ZcWO2AEAAAAJ,2026-04-28
Bhavani Thuraisingham,https://scholar.google.com/citations?user=o_xUNWkAAAAJ,2026-04-28
Gerald Tesauro,https://scholar.google.com/citations?user=5_UCvUgAAAAJ,2026-04-28
Elizabeth Belding,https://scholar.google.com/citations?user=3G79TTEAAAAJ,2026-04-28
Fei-Fei Li,https://scholar.google.com/citations?user=rDfyQnIAAAAJ,2026-04-28
Gul Agha,https://scholar.google.com/citations?user=orHlhhQAAAAJ,2026-04-28
Huan Liu,https://scholar.google.com/citations?user=Dzf46C8AAAAJ,2026-04-28
Jan Camenisch,https://scholar.google.com/citations?user=T6esJiIAAAAJ,2026-04-28
Jiebo Luo,https://scholar.google.com/citations?user=CcbnBvgAAAAJ,2026-04-28
Johan H stad,https://scholar.google.com/citations?user=n0QrdEMAAAAJ,2026-04-28
Juan E Gilbert,https://scholar.google.com/citations?user=FKbHXRUAAAAJ,2026-04-28
Katy Borner,https://scholar.google.com/citations?user=YirSp_cAAAAJ,2026-04-28
Krste Asanovic,https://scholar.google.com/citations?user=e4I7ihkAAAAJ,2026-04-28
Lili Qiu,https://scholar.google.com/citations?user=16posrQAAAAJ,2026-04-28
Lillian Lee,https://scholar.google.com/citations?user=oJESe-cAAAAJ,2026-04-28
Michael Littman,https://scholar.google.com/citations?user=iRMZ2hoAAAAJ,2026-04-28
N Asokan,https://scholar.google.com/citations?user=0MqQ8AgAAAAJ,2026-04-28
Paul Barham,https://scholar.google.com/citations?user=q34R9psAAAAJ,2026-04-28
Amit Sahai,https://scholar.google.com/citations?user=gqB23VMAAAAJ,2026-04-28
David Basin,https://scholar.google.com/citations?user=-BA-kHYAAAAJ,2026-04-28
Minos Garofalakis,https://scholar.google.com/citations?user=WemX9rAAAAAJ,2026-04-28
Adnan Darwiche,https://scholar.google.com/citations?user=NzyvbZoAAAAJ,2026-04-28
Rastislav Bodik,https://scholar.google.com/citations?user=YrihYtsAAAAJ,2026-04-28
Salil Vadhan,https://scholar.google.com/citations?user=dqVjyRQAAAAJ,2026-04-28
Sandhya Dwarkadas,https://scholar.google.com/citations?user=L1pb8GUAAAAJ,2026-04-28
Sanjeev Khanna,https://scholar.google.com/citations?user=HriWXcEAAAAJ,2026-04-28
Steven Feiner,https://scholar.google.com/citations?user=PogsVkYAAAAJ,2026-04-28
Tamal K Dey,https://scholar.google.com/citations?user=k7VhUnAAAAAJ,2026-04-28
Thomas Funkhouser,https://scholar.google.com/citations?user=BghVDhgAAAAJ,2026-04-28
Tim Finin,https://scholar.google.com/citations?user=p5oWQ0AAAAAJ,2026-04-28
Aarti Gupta,https://scholar.google.com/citations?user=S_jYB2sAAAAJ,2026-04-28
Aidong Zhang,https://scholar.google.com/citations?user=O8XxkE4AAAAJ,2026-04-28
Alexander Vardy,https://scholar.google.com/citations?user=WtalCkkAAAAJ,2026-04-28
Anand Sivasubramaniam,https://scholar.google.com/citations?user=JWXlepgAAAAJ,2026-04-28
Andreas Moshovos,https://scholar.google.com/citations?user=D2VLt-8AAAAJ,2026-04-28
Balaji Prabhakar,https://scholar.google.com/citations?user=TyPF9V4AAAAJ,2026-04-28
Bernhard Schoelkopf,https://scholar.google.com/citations?user=DZ-fHPgAAAAJ,2026-04-28
Chengxiang Zhai,https://scholar.google.com/citations?user=YU-baPIAAAAJ,2026-04-28
Craig Knoblock,https://scholar.google.com/citations?user=onXXy6MAAAAJ,2026-04-28
Dan Gusfield,https://scholar.google.com/citations?user=VoAHydgAAAAJ,2026-04-28
Dorin Comaniciu,https://scholar.google.com/citations?user=-XZ2HrAAAAAJ,2026-04-28
Carl Kesselman,https://scholar.google.com/citations?user=5c38WVcAAAAJ,2026-04-28
Yong Rui,https://scholar.google.com/citations?user=rCGsLtcAAAAJ,2026-04-28
Edith Cohen,https://scholar.google.com/citations?user=O-TV6OgAAAAJ,2026-04-28
Li Erran Li,https://scholar.google.com/citations?user=GkMfzy4AAAAJ,2026-04-28
Edouard Bugnion,https://scholar.google.com/citations?user=8ztj2yEAAAAJ,2026-04-28
Edward Knightly,https://scholar.google.com/citations?user=-0vALDMAAAAJ,2026-04-28
Gabriel H Loh,https://scholar.google.com/citations?user=e_D2XsUAAAAJ,2026-04-28
Gregory Hager,https://scholar.google.com/citations?user=ivApfKcAAAAJ,2026-04-28
Insup Lee,https://scholar.google.com/citations?user=qPlUgrgAAAAJ,2026-04-28
K. K. Ramakrishnan,https://scholar.google.com/citations?user=Da-s1FQAAAAJ,2026-04-28
Laxmikant Kale,https://scholar.google.com/citations?user=TPOorDcAAAAJ,2026-04-28
Mani B. Srivastava,https://scholar.google.com/citations?user=X2Qs7XYAAAAJ,2026-04-28
Margaret Burnett,https://scholar.google.com/citations?user=Vc58tYYAAAAJ,2026-04-28
Martin Grohe,https://scholar.google.com/citations?user=Sou5ih0AAAAJ,2026-04-28
Martin Wong,https://scholar.google.com/citations?user=WPhoQiUAAAAJ,2026-04-28
Michael Kass,https://scholar.google.com/citations?user=ma2bi00AAAAJ,2026-04-28
Mor Harchol-Balter,https://scholar.google.com/citations?user=Ooc7UNUAAAAJ,2026-04-28
Nuria Oliver,https://scholar.google.com/citations?user=VJlCMGYAAAAJ,2026-04-28
Lars Birkedal,https://scholar.google.com/citations?user=1rW-bi0AAAAJ,2026-04-28
Onur Mutlu,https://scholar.google.com/citations?user=7XyGUGkAAAAJ,2026-04-28
Qiang Yang,https://scholar.google.com/citations?user=1LxWZLQAAAAJ,2026-04-28
Ravi Ramamoorthi,https://scholar.google.com/citations?user=q0MzO6cAAAAJ,2026-04-28
Shih Fu Chang,https://scholar.google.com/citations?user=OMVTRscAAAAJ,2026-04-28
Steve Seitz,https://scholar.google.com/citations?user=-6cOYcYAAAAJ,2026-04-28
Susan Dray,https://scholar.google.com/citations?user=8OQFLXgAAAAJ,2026-04-28
Tal Rabin,https://scholar.google.com/citations?user=18exh0MAAAAJ,2026-04-28
Tomas Lozano-Perez,https://scholar.google.com/citations?user=gQOKAggAAAAJ,2026-04-28
Venkatesan Guruswami,https://scholar.google.com/citations?user=Es6jE1kAAAAJ,2026-04-28
Wenke Lee,https://scholar.google.com/citations?user=nfkH5V4AAAAJ,2026-04-28
Yi Ma,https://scholar.google.com/citations?user=XqLiBQMAAAAJ,2026-04-28
Yvonne Rogers,https://scholar.google.com/citations?user=qzcYcEAAAAAJ,2026-04-28
Adrian Perrig,https://scholar.google.com/citations?user=n-Oret4AAAAJ,2026-04-28
Allison Druin,https://scholar.google.com/citations?user=QpaGsuMAAAAJ,2026-04-28
Andre Seznec,https://scholar.google.com/citations?user=BHupl5EAAAAJ,2026-04-28
Anne-Marie Kermarrec,https://scholar.google.com/citations?user=aIAy-qcAAAAJ,2026-04-28
Carla Brodley,https://scholar.google.com/citations?user=sQ8u6h4AAAAJ,2026-04-28
Carlo Tomasi,https://scholar.google.com/citations?user=xViwZ0QAAAAJ,2026-04-28
Christos Kozyrakis,https://scholar.google.com/citations?user=G2EJz5kAAAAJ,2026-04-28
Dan Boneh,https://scholar.google.com/citations?user=MwLqCs4AAAAJ,2026-04-28
David Peleg,https://scholar.google.com/citations?user=wBVagosAAAAJ,2026-04-28
Louiqa Raschid,https://scholar.google.com/citations?user=MD8nInYAAAAJ,2026-04-28
Sudipta Sengupta,https://scholar.google.com/citations?user=h8M0U0oAAAAJ,2026-04-28
Todd C Mowry,https://scholar.google.com/citations?user=MYsIXF4AAAAJ,2026-04-28
Erik Demaine,https://scholar.google.com/citations?user=6Ff2c8wAAAAJ,2026-04-28
Fredo Durand,https://scholar.google.com/citations?user=NJ9c4ygAAAAJ,2026-04-28
Ganesan Ramalingam,https://scholar.google.com/citations?user=PMZ1bA4AAAAJ,2026-04-28
James Hendler,https://scholar.google.com/citations?user=JNPbTdIAAAAJ,2026-04-28
James Landay,https://scholar.google.com/citations?user=oQsObk0AAAAJ,2026-04-28
Jason Flinn,https://scholar.google.com/citations?user=YxGHbuMAAAAJ,2026-04-28
Justine Cassell,https://scholar.google.com/citations?user=wkC9xHMAAAAJ,2026-04-28
Luca Benini,https://scholar.google.com/citations?user=8riq3sYAAAAJ,2026-04-28
Manuela Veloso,https://scholar.google.com/citations?user=2FbkAzYAAAAJ,2026-04-28
Martin Kersten,https://scholar.google.com/citations?user=Kr6jppsAAAAJ,2026-04-28
Monika Henzinger,https://scholar.google.com/citations?user=NXbggxYAAAAJ,2026-04-28
Nick Feamster,https://scholar.google.com/citations?user=xYfYnG4AAAAJ,2026-04-28
Noga Alon,https://scholar.google.com/citations?user=vOYl40wAAAAJ,2026-04-28
Paul Barford,https://scholar.google.com/citations?user=4uypulQAAAAJ,2026-04-28
Paul Van Oorschot,https://scholar.google.com/citations?user=CMRzTi8AAAAJ,2026-04-28
Abigail Sellen,https://scholar.google.com/citations?user=3UlxG6UAAAAJ,2026-04-28
Marta Kwiatkowska,https://scholar.google.com/citations?user=ArcH6PkAAAAJ,2026-04-28
Rajesh Gupta,https://scholar.google.com/citations?user=I1w51gUAAAAJ,2026-04-28
Ravi Kannan,https://scholar.google.com/citations?user=jSk1DpYAAAAJ,2026-04-28
Robert L. Grossman,https://scholar.google.com/citations?user=3KG8arsAAAAJ,2026-04-28
Sachin S. Sapatnekar,https://scholar.google.com/citations?user=RbDCxkpnnmsC,2026-04-28
Sharon Oviatt,https://scholar.google.com/citations?user=3CsBn00AAAAJ,2026-04-28
Somesh Jha,https://scholar.google.com/citations?user=BaI7l8QAAAAJ,2026-04-28
Stephen Blackburn,https://scholar.google.com/citations?user=HgSTO7oAAAAJ,2026-04-28
Trevor Mudge,https://scholar.google.com/citations?user=d1KEK84AAAAJ,2026-04-28
Valerie Taylor,https://scholar.google.com/citations?user=4YCIGjAAAAAJ,2026-04-28
Venkata Padmanabhan,https://scholar.google.com/citations?user=ae1ve-EAAAAJ,2026-04-28
William Freeman,https://scholar.google.com/citations?user=0zZnyMEAAAAJ,2026-04-28
Xuedong Huang,https://scholar.google.com/citations?user=xByATywAAAAJ,2026-04-28
Yolanda Gil,https://scholar.google.com/citations?user=NDmGsCgAAAAJ,2026-04-28
Zhi-Hua Zhou,https://scholar.google.com/citations?user=rSVIHasAAAAJ,2026-04-28
Anastasia Ailamaki,https://scholar.google.com/citations?user=YdrkeNwAAAAJ,2026-04-28
Assaf Schuster,https://scholar.google.com/citations?user=KfwgjswAAAAJ,2026-04-28
Babak Falsafi,https://scholar.google.com/citations?user=LaNEuBUAAAAJ,2026-04-28
Bing Liu,https://scholar.google.com/citations?user=Kt1bjZoAAAAJ,2026-04-28
Chih-Jen Lin,https://scholar.google.com/citations?user=SLMkts8AAAAJ,2026-04-28
Naehyuck Chang,https://scholar.google.com/citations?user=w0uiMd4AAAAJ,2026-04-28
Pablo Rodriguez,https://scholar.google.com/citations?user=yetbFCsAAAAJ,2026-04-28
Piotr Indyk,https://scholar.google.com/citations?user=oOwNKsAAAAAJ,2026-04-28
Jian Pei,https://scholar.google.com/citations?user=zIMEVKsAAAAJ,2026-04-28
Elizabeth D. Mynatt,https://scholar.google.com/citations?user=l7nsfT4AAAAJ,2026-04-28
Frank Pfenning,https://scholar.google.com/citations?user=ghWKWBUAAAAJ,2026-04-28
Giuseppe De Giacomo,https://scholar.google.com/citations?user=Sfo4K0oAAAAJ,2026-04-28
Hsinchun Chen,https://scholar.google.com/citations?user=ypvW54sAAAAJ,2026-04-28
Jayant R Haritsa,https://scholar.google.com/citations?user=dc626ewAAAAJ,2026-04-28
Judea Pearl,https://scholar.google.com/citations?user=bAipNH8AAAAJ,2026-04-28
Julia Hirschberg,https://scholar.google.com/citations?user=Qrd7FCoAAAAJ,2026-04-28
Kevin Fall,https://scholar.google.com/citations?user=g848MeMAAAAJ,2026-04-28
Kevin Skadron,https://scholar.google.com/citations?user=Q-As1CEAAAAJ,2026-04-28
Michael Wooldridge,https://scholar.google.com/citations?user=JD8v9fkAAAAJ,2026-04-28
Nancy M Amato,https://scholar.google.com/citations?user=AmaB9c4AAAAJ,2026-04-28
Orna Grumberg,https://scholar.google.com/citations?user=ZPed8YYAAAAJ,2026-04-28
Patrick McDaniel,https://scholar.google.com/citations?user=AMGqrI0AAAAJ,2026-04-28
Paul Dourish,https://scholar.google.com/citations?user=wyCIJfQAAAAJ,2026-04-28
Peter Schroeder,https://scholar.google.com/citations?user=t3TgxNwAAAAJ,2026-04-28
Santosh Vempala,https://scholar.google.com/citations?user=hRggMmIAAAAJ,2026-04-28
Sriram Rajamani,https://scholar.google.com/citations?user=o-EdErcAAAAJ,2026-04-28
Tandy Warnow,https://scholar.google.com/citations?user=BYZtDXEAAAAJ,2026-04-28
Tei-Wei Kuo,https://scholar.google.com/citations?user=gBuHlIQAAAAJ,2026-04-28
Victor Miller,https://scholar.google.com/citations?user=ewfv9nEAAAAJ,2026-04-28
Wang-Chiew Tan,https://scholar.google.com/citations?user=sOY-wjkAAAAJ,2026-04-28
Xavier Leroy,https://scholar.google.com/citations?user=K5yXAeAAAAAJ,2026-04-28
Yunhao Liu,https://scholar.google.com/citations?user=hon00PIAAAAJ,2026-04-28
Adam Finkelstein,https://scholar.google.com/citations?user=a959F6AAAAAJ,2026-04-28
Allan Borodin,https://scholar.google.com/citations?user=VIFfuYgAAAAJ,2026-04-28
Aravind Srinivasan,https://scholar.google.com/citations?user=sPzla6IAAAAJ,2026-04-28
Daniela Rus,https://scholar.google.com/citations?user=910z20QAAAAJ,2026-04-28
Eric Horvitz,https://scholar.google.com/citations?user=V4OPEAgAAAAJ,2026-04-28
Mark Guzdial,https://scholar.google.com/citations?user=iQV2L2IAAAAJ,2026-04-28
Parthasarathy Ranganathan,https://scholar.google.com/citations?user=S3gQoMgAAAAJ,2026-04-28
Eric Grimson,https://scholar.google.com/citations?user=zZ0-4SUAAAAJ,2026-04-28
Foto Afrati,https://scholar.google.com/citations?user=pU0dce0AAAAJ,2026-04-28
Gernot Heiser,https://scholar.google.com/citations?user=0e0Vw3kAAAAJ,2026-04-28
Henning Schulzrinne,https://scholar.google.com/citations?user=6IHX8J4AAAAJ,2026-04-28
Inderjit Dhillon,https://scholar.google.com/citations?user=xBv5ZfkAAAAJ,2026-04-28
Jignesh M Patel,https://scholar.google.com/citations?user=tOjfnFMAAAAJ,2026-04-28
Johannes Gehrke,https://scholar.google.com/citations?user=FtbGhBQAAAAJ,2026-04-28
Leslie Lamport,https://scholar.google.com/citations?user=uG3icVgAAAAJ,2026-04-28
Lorrie Faith Cranor,https://scholar.google.com/citations?user=kIUqgbcAAAAJ,2026-04-28
Michael D Ernst,https://scholar.google.com/citations?user=oQ6AeyEAAAAJ,2026-04-28
Michael Kearns,https://scholar.google.com/citations?user=8iQk0DIAAAAJ,2026-04-28
Michael Mitzenmacher,https://scholar.google.com/citations?user=e8aRmAsAAAAJ,2026-04-28
Paul Syverson,https://scholar.google.com/citations?user=QDnC2nAAAAAJ,2026-04-28
Gene Tsudik,https://scholar.google.com/citations?user=WLvuu74AAAAJ,2026-04-28
Alan Bundy,https://scholar.google.com/citations?user=n7STZEYAAAAJ,2026-04-28
Omer Reingold,https://scholar.google.com/citations?user=TD9RhcgAAAAJ,2026-04-28
Sarit Kraus,https://scholar.google.com/citations?user=PfgeYGwAAAAJ,2026-04-28
Juliana Freire,https://scholar.google.com/citations?user=sSzAlq0AAAAJ,2026-04-28
Ramakrishnan Srikant,https://scholar.google.com/citations?user=lxt0O5IAAAAJ,2026-04-28
Robert Morris,https://scholar.google.com/citations?user=in6eBIwAAAAJ,2026-04-28
Ronitt Rubinfeld,https://scholar.google.com/citations?user=pZhZndYAAAAJ,2026-04-28
Shamkant Navathe,https://scholar.google.com/citations?user=_Z12v2IAAAAJ,2026-04-28
Sharad Malik,https://scholar.google.com/citations?user=MV8KGT0AAAAJ,2026-04-28
Srinivas Devadas,https://scholar.google.com/citations?user=y80AokkAAAAJ,2026-04-28
Stuart Shieber,https://scholar.google.com/citations?user=oq8WAwsAAAAJ,2026-04-28
Subhasish Mitra,https://scholar.google.com/citations?user=SCdhzWoAAAAJ,2026-04-28
Thorsten Joachims,https://scholar.google.com/citations?user=5tk1PV8AAAAJ,2026-04-28
Tom Rodden,https://scholar.google.com/citations?user=gWbK0A0AAAAJ,2026-04-28
Vikram Adve,https://scholar.google.com/citations?user=VbruE20AAAAJ,2026-04-28
Vijaykrishnan Narayanan,https://scholar.google.com/citations?user=UyeTBeoAAAAJ,2026-04-28
Yishay Mansour,https://scholar.google.com/citations?user=OEJUgwkAAAAJ,2026-04-28
Andrew Myers,https://scholar.google.com/citations?user=ovlpa_IAAAAJ,2026-04-28
Christine L Borgman,https://scholar.google.com/citations?user=e1y6CcQAAAAJ,2026-04-28
Christopher Manning,https://scholar.google.com/citations?user=1zmDOdwAAAAJ,2026-04-28
Dana Nau,https://scholar.google.com/citations?user=fez4ulcAAAAJ,2026-04-28
David Forsyth,https://scholar.google.com/citations?user=5H0arvkAAAAJ,2026-04-28
David Garlan,https://scholar.google.com/citations?user=saLJmksAAAAJ,2026-04-28
David Williamson,https://scholar.google.com/citations?user=pOd2M64AAAAJ,2026-04-28
David Zuckerman,https://scholar.google.com/citations?user=MCe-I6wAAAAJ,2026-04-28
Dina Katabi,https://scholar.google.com/citations?user=nst5fHgAAAAJ,2026-04-28
Yoelle Maarek,https://scholar.google.com/citations?user=foccT34AAAAJ,2026-04-28
Ellen Zegura,https://scholar.google.com/citations?user=Z6EHuGcAAAAJ,2026-04-28
Greg Morrisett,https://scholar.google.com/citations?user=Dswus94AAAAJ,2026-04-28
James H Anderson,https://scholar.google.com/citations?user=mIZu9oQAAAAJ,2026-04-28
Jon Kleinberg,https://scholar.google.com/citations?user=VX7d5EQAAAAJ,2026-04-28
Krishnendu Chakrabarty,https://scholar.google.com/citations?user=R_VPUyEAAAAJ,2026-04-28
Madhav Marathe,https://scholar.google.com/citations?user=diIore8AAAAJ,2026-04-28
Marti Hearst,https://scholar.google.com/citations?user=664NOb0AAAAJ,2026-04-28
Matthias Jarke,https://scholar.google.com/citations?user=JbioEFgAAAAJ,2026-04-28
Mihir Bellare,https://scholar.google.com/citations?user=td_5W1cAAAAJ,2026-04-28
Milind Tambe,https://scholar.google.com/citations?user=YOVZiJkAAAAJ,2026-04-28
Moti Yung,https://scholar.google.com/citations?user=ScL8iFQAAAAJ,2026-04-28
Padhraic Smyth,https://scholar.google.com/citations?user=OsoQ-dcAAAAJ,2026-04-28
Limsoon Wong,https://scholar.google.com/citations?user=Inqu8SkAAAAJ,2026-04-28
Timothy Roscoe,https://scholar.google.com/citations?user=QfVWndgAAAAJ,2026-04-28
Wen Gao,https://scholar.google.com/citations?user=u9aw5o8AAAAJ,2026-04-28
Ingemar J. Cox,https://scholar.google.com/citations?user=b88nUpYAAAAJ,2026-04-28
John Mellor-Crummey,https://scholar.google.com/citations?user=wX0XpxMAAAAJ,2026-04-28
Kyuseok Shim,https://scholar.google.com/citations?user=3Y254i4AAAAJ,2026-04-28
Ramalingam Chellappa,https://scholar.google.com/citations?user=L60tuywAAAAJ,2026-04-28
Rina Dechter,https://scholar.google.com/citations?user=PI_3bqEAAAAJ,2026-04-28
Stefano Ceri,https://scholar.google.com/citations?user=aiulJmIAAAAJ,2026-04-28
Zhengyou Zhang,https://scholar.google.com/citations?user=1I-DKy8AAAAJ,2026-04-28
Andrew Kahng,https://scholar.google.com/citations?user=IUSnNG0AAAAJ,2026-04-28
Andrew M Pitts,https://scholar.google.com/citations?user=J1wRn3oAAAAJ,2026-04-28
Anna Karlin,https://scholar.google.com/citations?user=9ZGqm5QAAAAJ,2026-04-28
Bart Selman,https://scholar.google.com/citations?user=pJ28HA0AAAAJ,2026-04-28
Benjamin Pierce,https://scholar.google.com/citations?user=2kkddh0AAAAJ,2026-04-28
Clifford Stein,https://scholar.google.com/citations?user=r49_E2cAAAAJ,2026-04-28
Ahmed Elmagarmid,https://scholar.google.com/citations?user=Cb9BDJkAAAAJ,2026-04-28
Craig Boutilier,https://scholar.google.com/citations?user=cXkm3rsAAAAJ,2026-04-28
Manish Gupta,https://scholar.google.com/citations?user=vPUzENEAAAAJ,2026-04-28
Garth A Gibson,https://scholar.google.com/citations?user=WYctQAQAAAAJ,2026-04-28
Gregor Kiczales,https://scholar.google.com/citations?user=Odh4GSYAAAAJ,2026-04-28
Gustavo Alonso,https://scholar.google.com/citations?user=fkNjVcIAAAAJ,2026-04-28
Hans Boehm,https://scholar.google.com/citations?user=gqkpV2kAAAAJ,2026-04-28
Ion Stoica,https://scholar.google.com/citations?user=vN-is70AAAAJ,2026-04-28
Joseph O'Rourke,https://scholar.google.com/citations?user=AdrTURsAAAAJ,2026-04-28
Joseph Sifakis,https://scholar.google.com/citations?user=8jCwk4EAAAAJ,2026-04-28
Karem Sakallah,https://scholar.google.com/citations?user=M441iZ8AAAAJ,2026-04-28
Katherine Yelick,https://scholar.google.com/citations?user=93yNuV0AAAAJ,2026-04-28
Keith Ross,https://scholar.google.com/citations?user=RhUcYmQAAAAJ,2026-04-28
Keshav K Pingali,https://scholar.google.com/citations?user=02UU6wgAAAAJ,2026-04-28
Klara Nahrstedt,https://scholar.google.com/citations?user=TW0t25AAAAAJ,2026-04-28
Lars Arge,https://scholar.google.com/citations?user=MgdxxbAAAAAJ,2026-04-28
Leonid Libkin,https://scholar.google.com/citations?user=4q-MIB0AAAAJ,2026-04-28
Lixin Gao,https://scholar.google.com/citations?user=bOKmjf8AAAAJ,2026-04-28
Markus Gross,https://scholar.google.com/citations?user=uxk0GmUAAAAJ,2026-04-28
Patrick Valduriez,https://scholar.google.com/citations?user=Vj0m2A0AAAAJ,2026-04-28
Pierre Baldi,https://scholar.google.com/citations?user=RhFhIIgAAAAJ,2026-04-28
Srinivasan Keshav,https://scholar.google.com/citations?user=-EMkK7QAAAAJ,2026-04-28
Rachid Guerraoui,https://scholar.google.com/citations?user=_TR-7CEAAAAJ,2026-04-28
Ramin Zabih,https://scholar.google.com/citations?user=8Lp0W54AAAAJ,2026-04-28
Rick Cattell,https://scholar.google.com/citations?user=Kc64bEcAAAAJ,2026-04-28
Robert Schreiber,https://scholar.google.com/citations?user=kd-l1MoAAAAJ,2026-04-28
Roberto Tamassia,https://scholar.google.com/citations?user=eEYPTKUAAAAJ,2026-04-28
Ron Shamir,https://scholar.google.com/citations?user=ri4rEPMAAAAJ,2026-04-28
Saul Greenberg,https://scholar.google.com/citations?user=TthhUuoAAAAJ,2026-04-28
Tova Milo,https://scholar.google.com/citations?user=X1-ovCkAAAAJ,2026-04-28
Tracy Camp,https://scholar.google.com/citations?user=8TyIlFgAAAAJ,2026-04-28
Walter F. Tichy,https://scholar.google.com/citations?user=23RPQBQAAAAJ,2026-04-28
Wenfei Fan,https://scholar.google.com/citations?user=u0S6ofAAAAAJ,2026-04-28
Xiaodong Zhang,https://scholar.google.com/citations?user=qFiMLsIAAAAJ,2026-04-28
Yoav Shoham,https://scholar.google.com/citations?user=fV5P_6MAAAAJ,2026-04-28
Amin Vahdat,https://scholar.google.com/citations?user=r3aWCRUAAAAJ,2026-04-28
Baining Guo,https://scholar.google.com/citations?user=h4kYmRYAAAAJ,2026-04-28
Beng Chin Ooi,https://scholar.google.com/citations?user=9560QjYAAAAJ,2026-04-28
Christian S. Jensen,https://scholar.google.com/citations?user=wo20cPYAAAAJ,2026-04-28
Dahlia Malkhi,https://scholar.google.com/citations?user=A_VZ7N0AAAAJ,2026-04-28
Dan Roth,https://scholar.google.com/citations?user=E-bpPWgAAAAJ,2026-04-28
Dan Suciu,https://scholar.google.com/citations?user=SIxd6jgAAAAJ,2026-04-28
David Eppstein,https://scholar.google.com/citations?user=QSY7ufMAAAAJ,2026-04-28
David Heckerman,https://scholar.google.com/citations?user=VTGXKrYAAAAJ,2026-04-28
David Wetherall,https://scholar.google.com/citations?user=HeEBacsAAAAJ,2026-04-28
Divesh Srivastava,https://scholar.google.com/citations?user=kGKlHp0AAAAJ,2026-04-28
Divyakant Agrawal,https://scholar.google.com/citations?user=XcaEg-cAAAAJ,2026-04-28
SATOSHI MATSUOKA,https://scholar.google.com/citations?user=UcWOl8YAAAAJ,2026-04-28
Geoffrey Fox,https://scholar.google.com/citations?user=dJ-fD-sAAAAJ,2026-04-28
George Furnas,https://scholar.google.com/citations?user=9tzvo38AAAAJ,2026-04-28
Gerard J. Holzmann,https://scholar.google.com/citations?user=thNT9QYAAAAJ,2026-04-28
Guy Blelloch,https://scholar.google.com/citations?user=Z6nLCukAAAAJ,2026-04-28
Hugues Hoppe,https://scholar.google.com/citations?user=RXrifC8AAAAJ,2026-04-28
Janos Pach,https://scholar.google.com/citations?user=uOC_Z8QAAAAJ,2026-04-28
Joseph Mitchell,https://scholar.google.com/citations?user=KICA5DoAAAAJ,2026-04-28
Keith Marzullo,https://scholar.google.com/citations?user=hWzTk6MAAAAJ,2026-04-28
Linda Petzold,https://scholar.google.com/citations?user=6IxWYR0AAAAJ,2026-04-28
Margo Seltzer,https://scholar.google.com/citations?user=XeyiyUYAAAAJ,2026-04-28
Martha Pollack,https://scholar.google.com/citations?user=5oU0wxcAAAAJ,2026-04-28
Ming C Lin,https://scholar.google.com/citations?user=HfDqADkAAAAJ,2026-04-28
Nelson Max,https://scholar.google.com/citations?user=di1ip9IAAAAJ,2026-04-28
Peter Magnusson,https://scholar.google.com/citations?user=DYwLYXQAAAAJ,2026-04-28
Ramesh Govindan,https://scholar.google.com/citations?user=ZTkRs84AAAAJ,2026-04-28
Robert Kraut,https://scholar.google.com/citations?user=HKGYvu4AAAAJ,2026-04-28
Scott Kirkpatrick,https://scholar.google.com/citations?user=qlKWTsUAAAAJ,2026-04-28
Serge Abiteboul,https://scholar.google.com/citations?user=lk_jn24AAAAJ,2026-04-28
Stephen Keckler,https://scholar.google.com/citations?user=PpjjRvoAAAAJ,2026-04-28
Thomas Ball,https://scholar.google.com/citations?user=d2f0VUQAAAAJ,2026-04-28
Amr El Abbadi,https://scholar.google.com/citations?user=tNmIw4MAAAAJ,2026-04-28
Andreas Zeller,https://scholar.google.com/citations?user=-Qytr_YAAAAJ,2026-04-28
Anne Condon,https://scholar.google.com/citations?user=SO_j4zwAAAAJ,2026-04-28
Christos Faloutsos,https://scholar.google.com/citations?user=nd8lQQIAAAAJ,2026-04-28
Dieter Rombach,https://scholar.google.com/citations?user=T_618nIAAAAJ,2026-04-28
Lorenzo Alvisi,https://scholar.google.com/citations?user=TIGS4c8AAAAJ,2026-04-28
Fernando Pereira,https://scholar.google.com/citations?user=qWDmIgIAAAAJ,2026-04-28
Frank Wm Tompa,https://scholar.google.com/citations?user=sOl6-dEAAAAJ,2026-04-28
James Goodman,https://scholar.google.com/citations?user=Qef1aiAAAAAJ,2026-04-28
Jean-Pierre Hubaux,https://scholar.google.com/citations?user=W7YBLlEAAAAJ,2026-04-28
Jennifer Chayes,https://scholar.google.com/citations?user=YAHWbtkAAAAJ,2026-04-28
John Launchbury,https://scholar.google.com/citations?user=00kXvqYAAAAJ,2026-04-28
Josep Torrellas,https://scholar.google.com/citations?user=zdnAkgsAAAAJ,2026-04-28
Lydia Kavraki,https://scholar.google.com/citations?user=Q6pxNZYAAAAJ,2026-04-28
Mark Crovella,https://scholar.google.com/citations?user=vrHhOlUAAAAJ,2026-04-28
Michael  I. Jordan,https://scholar.google.com/citations?user=yxUduqMAAAAJ,2026-04-28
Peter Chen,https://scholar.google.com/citations?user=5tVuggUAAAAJ,2026-04-28
David S. Rosenblum,https://scholar.google.com/citations?user=FyUQvCoAAAAJ,2026-04-28
Raymond Mooney,https://scholar.google.com/citations?user=p9RsPG4AAAAJ,2026-04-28
S. Muthukrishnan,https://scholar.google.com/citations?user=MvyO9jAAAAAJ,2026-04-28
Sara Kiesler,https://scholar.google.com/citations?user=8Qu_gAMAAAAJ,2026-04-28
Sarita Adve,https://scholar.google.com/citations?user=5m-oAesAAAAJ,2026-04-28
Shumin Zhai,https://scholar.google.com/citations?user=jJLvY8AAAAAJ,2026-04-28
Stefan Savage,https://scholar.google.com/citations?user=_JhgbioAAAAJ,2026-04-28
Subhash Suri,https://scholar.google.com/citations?user=VgrH9A8AAAAJ,2026-04-28
Alok Choudhary,https://scholar.google.com/citations?user=6nvFl5sAAAAJ,2026-04-28
Andrew V Goldberg,https://scholar.google.com/citations?user=U5iFVowAAAAJ,2026-04-28
Baba C Vemuri,https://scholar.google.com/citations?user=1fEZ_osAAAAJ,2026-04-28
Bruce Davie,https://scholar.google.com/citations?user=NzwUAfIAAAAJ,2026-04-28
David Karger,https://scholar.google.com/citations?user=2vQRGrYAAAAJ,2026-04-28
David F Bacon,https://scholar.google.com/citations?user=guNVlmIAAAAJ,2026-04-28
Hagit Attiya,https://scholar.google.com/citations?user=eoMK92MAAAAJ,2026-04-28
Hans-Peter Kriegel,https://scholar.google.com/citations?user=DBf9LC4AAAAJ,2026-04-28
Ian T Foster,https://scholar.google.com/citations?user=VGoSakQAAAAJ,2026-04-28
Margaret Martonosi,https://scholar.google.com/citations?user=tgYsFS0AAAAJ,2026-04-28
Martin Rinard,https://scholar.google.com/citations?user=hxlxVEUAAAAJ,2026-04-28
Martin Vetterli,https://scholar.google.com/citations?user=YQcU3NYAAAAJ,2026-04-28
Michael T Goodrich,https://scholar.google.com/citations?user=sSS9gSoAAAAJ,2026-04-28
Dinesh Manocha,https://scholar.google.com/citations?user=X08l_4IAAAAJ,2026-04-28
Maurizio Lenzerini,https://scholar.google.com/citations?user=EYxaICEAAAAJ,2026-04-28
Kyu-Young Whang,https://scholar.google.com/citations?user=LZSo1YEAAAAJ,2026-04-28
Robbert Van Renesse,https://scholar.google.com/citations?user=uJbM58UAAAAJ,2026-04-28
Urs Hoelzle,https://scholar.google.com/citations?user=3ox8XlUAAAAJ,2026-04-28
Venu Govindaraju,https://scholar.google.com/citations?user=ruIgbscAAAAJ,2026-04-28
Yorick Wilks,https://scholar.google.com/citations?user=NsHFYDcAAAAJ,2026-04-28
Yossi Matias,https://scholar.google.com/citations?user=IwSe1-MAAAAJ,2026-04-28
Alex Aiken,https://scholar.google.com/citations?user=3vKjkoQAAAAJ,2026-04-28
Bertrand Meyer,https://scholar.google.com/citations?user=W8nOgCwAAAAJ,2026-04-28
Brian Randell,https://scholar.google.com/citations?user=5sqk-sYAAAAJ,2026-04-28
Hamid Pirahesh,https://scholar.google.com/citations?user=QQVlcOUAAAAJ,2026-04-28
Gregory D. Abowd,https://scholar.google.com/citations?user=gb8sbdcAAAAJ,2026-04-28
Hari Balakrishnan,https://scholar.google.com/citations?user=Qf4bw4UAAAAJ,2026-04-28
Ian Munro,https://scholar.google.com/citations?user=O55rM6QAAAAJ,2026-04-28
J.J. Garcia-Luna-Aceves,https://scholar.google.com/citations?user=wLtmXGQAAAAJ,2026-04-28
Jason Cong,https://scholar.google.com/citations?user=UVGe0gQAAAAJ,2026-04-28
John C. Mitchell,https://scholar.google.com/citations?user=1_kJPIEAAAAJ,2026-04-28
Jonathan Rose,https://scholar.google.com/citations?user=Icox8ecAAAAJ,2026-04-28
Joseph A Konstan,https://scholar.google.com/citations?user=PH4mytYAAAAJ,2026-04-28
Kathryn S McKinley,https://scholar.google.com/citations?user=Rt1a5-6vh4UC,2026-04-28
Kenneth Clarkson,https://scholar.google.com/citations?user=F7ODi8QAAAAJ,2026-04-28
Madhu Sudan,https://scholar.google.com/citations?user=D-RwB3YAAAAJ,2026-04-28
Mark S Squillante,https://scholar.google.com/citations?user=ScmX2AcAAAAJ,2026-04-28
Martin Abadi,https://scholar.google.com/citations?user=vWTI60AAAAAJ,2026-04-28
Michael Reiter,https://scholar.google.com/citations?user=GaRxukMAAAAJ,2026-04-28
Pat Hanrahan,https://scholar.google.com/citations?user=RzEnQmgAAAAJ,2026-04-28
Per O Stenstrom,https://scholar.google.com/citations?user=wsMoM6cAAAAJ,2026-04-28
Jennifer Rexford,https://scholar.google.com/citations?user=07ds-DAAAAAJ,2026-04-28
Xiaotie Deng,https://scholar.google.com/citations?user=OBUwP_oAAAAJ,2026-04-28
Richard Szeliski,https://scholar.google.com/citations?user=3_u1jHQAAAAJ,2026-04-28
Rob A Rutenbar,https://scholar.google.com/citations?user=avq8-1QAAAAJ,2026-04-28
Roy Levin,https://scholar.google.com/citations?user=XO-_j40AAAAJ,2026-04-28
Sanjeev Arora,https://scholar.google.com/citations?user=RUP4S68AAAAJ,2026-04-28
Tuomas Sandholm,https://scholar.google.com/citations?user=0DpK1EMAAAAJ,2026-04-28
Vivek Sarkar,https://scholar.google.com/citations?user=XjeIqxYAAAAJ,2026-04-28
Anant Agarwal,https://scholar.google.com/citations?user=E6XXUFcAAAAJ,2026-04-28
Andrei Broder,https://scholar.google.com/citations?user=7b858c0AAAAJ,2026-04-28
Avrim Blum,https://scholar.google.com/citations?user=Jlv4MR4AAAAJ,2026-04-28
Daniel Huttenlocher,https://scholar.google.com/citations?user=q16KVs0AAAAJ,2026-04-28
Danny Dolev,https://scholar.google.com/citations?user=RAt7zSUAAAAJ,2026-04-28
David Padua,https://scholar.google.com/citations?user=QaLf6bEAAAAJ,2026-04-28
Edward Felten,https://scholar.google.com/citations?user=watx0IAAAAAJ,2026-04-28
Eliot Moss,https://scholar.google.com/citations?user=yYtaDFUAAAAJ,2026-04-28
Gary M Olson,https://scholar.google.com/citations?user=4XyoYbAAAAAJ,2026-04-28
Georg Gottlob,https://scholar.google.com/citations?user=i72_SkUAAAAJ,2026-04-28
Guang Gao,https://scholar.google.com/citations?user=KYj0CvEAAAAJ,2026-04-28
HongJiang Zhang,https://scholar.google.com/citations?user=u6wmNbQAAAAJ,2026-04-28
Lance Fortnow,https://scholar.google.com/citations?user=Yf5wVssAAAAJ,2026-04-28
Martin Odersky,https://scholar.google.com/citations?user=LbRD9tEAAAAJ,2026-04-28
Mitchell Wand,https://scholar.google.com/citations?user=Y0E0lsgAAAAJ,2026-04-28
Marc Levoy,https://scholar.google.com/citations?user=gbVh3PEAAAAJ,2026-04-28
Michael F. Cohen,https://scholar.google.com/citations?user=YAtwLpwAAAAJ,2026-04-28
Monica Lam,https://scholar.google.com/citations?user=4hS0jZ8AAAAJ,2026-04-28
Philip Wadler,https://scholar.google.com/citations?user=Iz-3VFQAAAAJ,2026-04-28
Bud Mishra,https://scholar.google.com/citations?user=kXVBr20AAAAJ,2026-04-28
Demetri Terzopoulos,https://scholar.google.com/citations?user=pKuBFaQAAAAJ,2026-04-28
Rajeev Alur,https://scholar.google.com/citations?user=ZvLa1RIAAAAJ,2026-04-28
Richard Hull,https://scholar.google.com/citations?user=Yd6uJAgAAAAJ,2026-04-28
Viktor Prasanna,https://scholar.google.com/citations?user=4FQXSP8AAAAJ,2026-04-28
Alan Newell,https://scholar.google.com/citations?user=5WfqzjkAAAAJ,2026-04-28
M. Tamer Ozsu,https://scholar.google.com/citations?user=dwxm_CoAAAAJ,2026-04-28
Eric Allender,https://scholar.google.com/citations?user=dQwv9e4AAAAJ,2026-04-28
James Larus,https://scholar.google.com/citations?user=xWZTGPUAAAAJ,2026-04-28
John Guttag,https://scholar.google.com/citations?user=TvyZkdwAAAAJ,2026-04-28
Kenneth Forbus,https://scholar.google.com/citations?user=IdRYT-8AAAAJ,2026-04-28
Lee Giles,https://scholar.google.com/citations?user=sAkg9T8AAAAJ,2026-04-28
Lixia Zhang,https://scholar.google.com/citations?user=CZyWk8kAAAAJ,2026-04-28
Marianne Winslett,https://scholar.google.com/citations?user=v5LmxOQAAAAJ,2026-04-28
Matthias Felleisen,https://scholar.google.com/citations?user=KP-Vo44AAAAJ,2026-04-28
Mikhail Atallah,https://scholar.google.com/citations?user=uc8_eH0AAAAJ,2026-04-28
Ming Li,https://scholar.google.com/citations?user=c_d8tzoAAAAJ,2026-04-28
Ming-Syan Chen,https://scholar.google.com/citations?user=KTmCrFkAAAAJ,2026-04-28
Norman Jouppi,https://scholar.google.com/citations?user=GObyQBIAAAAJ,2026-04-28
Alexander L Wolf,https://scholar.google.com/citations?user=21FXjJgAAAAJ,2026-04-28
Charles E Leiserson,https://scholar.google.com/citations?user=gWBoNCsAAAAJ,2026-04-28
Roch Guerin,https://scholar.google.com/citations?user=54w2_AcAAAAJ,2026-04-28
Stanley Zdonik,https://scholar.google.com/citations?user=k3YaoIEAAAAJ,2026-04-28
Vern Paxson,https://scholar.google.com/citations?user=HvwPRJ0AAAAJ,2026-04-28
Christophe Diot,https://scholar.google.com/citations?user=wtMGHCQAAAAJ,2026-04-28
Daniel Weld,https://scholar.google.com/citations?user=IUZgJogAAAAJ,2026-04-28
David A Wood,https://scholar.google.com/citations?user=UCiXhq4AAAAJ,2026-04-28
David Dill,https://scholar.google.com/citations?user=uy8T6BYAAAAJ,2026-04-28
Dines Bjorner,https://scholar.google.com/citations?user=Ln22tW4AAAAJ,2026-04-28
Brad A Myers,https://scholar.google.com/citations?user=E1cp_aYAAAAJ,2026-04-28
Eli Upfal,https://scholar.google.com/citations?user=O_7MVDIAAAAJ,2026-04-28
Gerhard Weikum,https://scholar.google.com/citations?user=vNAD0mAAAAAJ,2026-04-28
Hui Zhang,https://scholar.google.com/citations?user=iXtCV_QAAAAJ,2026-04-28
Jennifer Widom,https://scholar.google.com/citations?user=zdKmnYwAAAAJ,2026-04-28
Krishna Palem,https://scholar.google.com/citations?user=TW6dnZUAAAAJ,2026-04-28
Lui Sha,https://scholar.google.com/citations?user=SlXqNooAAAAJ,2026-04-28
Maurice Herlihy,https://scholar.google.com/citations?user=Ezrt3pkAAAAJ,2026-04-28
Michael Wellman,https://scholar.google.com/citations?user=UruIct4AAAAJ,2026-04-28
Michel Dubois,https://scholar.google.com/citations?user=DreIyPUAAAAJ,2026-04-28
Mikkel Thorup,https://scholar.google.com/citations?user=UPBuOPIAAAAJ,2026-04-28
Ophir Frieder,https://scholar.google.com/citations?user=uUXCSMkAAAAJ,2026-04-28
Phokion Kolaitis,https://scholar.google.com/citations?user=cqnovfEAAAAJ,2026-04-28
Robert Harper,https://scholar.google.com/citations?user=sCPRIK0AAAAJ,2026-04-28
Uri Weiser,https://scholar.google.com/citations?user=ctN8BtoAAAAJ,2026-04-28
Roy Want,https://scholar.google.com/citations?user=z_p2Kr8AAAAJ,2026-04-28
Surajit Chaudhuri,https://scholar.google.com/citations?user=ermwnH0AAAAJ,2026-04-28
T V Lakshman,https://scholar.google.com/citations?user=EzDbOKoAAAAJ,2026-04-28
Thomas Anderson,https://scholar.google.com/citations?user=MYqlcPgAAAAJ,2026-04-28
Thomas Reps,https://scholar.google.com/citations?user=pwhyTq0AAAAJ,2026-04-28
Vijay V Vazirani,https://scholar.google.com/citations?user=8eB7Q1kAAAAJ,2026-04-28
Vipin Kumar,https://scholar.google.com/citations?user=BnxU9TEAAAAJ,2026-04-28
Walter Willinger,https://scholar.google.com/citations?user=q33fP9sAAAAJ,2026-04-28
Allan Gottlieb,https://scholar.google.com/citations?user=0i78Y_EAAAAJ,2026-04-28
Bella Bose,https://scholar.google.com/citations?user=aFFq934AAAAJ,2026-04-28
Frans Kaashoek,https://scholar.google.com/citations?user=YCoLskoAAAAJ,2026-04-28
Joel Emer,https://scholar.google.com/citations?user=mI3mfHcAAAAJ,2026-04-28
Luca Cardelli,https://scholar.google.com/citations?user=npBTgSsAAAAJ,2026-04-28
Mark D. Hill,https://scholar.google.com/citations?user=7lVfIWYAAAAJ,2026-04-28
Per-Ake Larson,https://scholar.google.com/citations?user=V0lHiEoAAAAJ,2026-04-28
Yannis Ioannidis,https://scholar.google.com/citations?user=MIfpzUQAAAAJ,2026-04-28
Benjamin W. Wah,https://scholar.google.com/citations?user=WL8igVEAAAAJ,2026-04-28
Simon L Peyton-Jones,https://scholar.google.com/citations?user=QsX7G-cAAAAJ,2026-04-28
Anil K Jain,https://scholar.google.com/citations?user=g-_ZXGsAAAAJ,2026-04-28
Bonnie Berger,https://scholar.google.com/citations?user=bYjKaowAAAAJ,2026-04-28
Craig Partridge,https://scholar.google.com/citations?user=f-E5nFEAAAAJ,2026-04-28
Dexter Kozen,https://scholar.google.com/citations?user=LV1qWjgAAAAJ,2026-04-28
Rakesh Agrawal,https://scholar.google.com/citations?user=4XSG7v4AAAAJ,2026-04-28
Victor Bahl,https://scholar.google.com/citations?user=BBKfx4oAAAAJ,2026-04-28
Elisa Bertino,https://scholar.google.com/citations?user=EfuT9RoAAAAJ,2026-04-28
H V Jagadish,https://scholar.google.com/citations?user=SKVnHakAAAAJ,2026-04-28
John Carroll,https://scholar.google.com/citations?user=7Mg8JZMAAAAJ,2026-04-28
Kathleen McKeown,https://scholar.google.com/citations?user=ujDhg2sAAAAJ,2026-04-28
Mostafa Ammar,https://scholar.google.com/citations?user=OT79Y9UAAAAJ,2026-04-28
Niraj Jha,https://scholar.google.com/citations?user=R-z1R84AAAAJ,2026-04-28
Paul Hudak,https://scholar.google.com/citations?user=W6Mk2KwAAAAJ,2026-04-28
Peter Hart,https://scholar.google.com/citations?user=EmP8sFQAAAAJ,2026-04-28
Jiawei Han,https://scholar.google.com/citations?user=Kv9AbjMAAAAJ,2026-04-28
Stuart Russell,https://scholar.google.com/citations?user=2oy3OXYAAAAJ,2026-04-28
Thomas Moran,https://scholar.google.com/citations?user=f7fHl8sAAAAJ,2026-04-28
William Sanders,https://scholar.google.com/citations?user=FClnlsgAAAAJ,2026-04-28
Yi-Bing Lin,https://scholar.google.com/citations?user=DxFQ14MAAAAJ,2026-04-28
Adolfo Guzman,https://scholar.google.com/citations?user=Nw5lSdEAAAAJ,2026-04-28
David Culler,https://scholar.google.com/citations?user=urTiL7QAAAAJ,2026-04-28
C. Mohan,https://scholar.google.com/citations?user=D5K6DDcAAAAJ,2026-04-28
Wendy A Kellogg,https://scholar.google.com/citations?user=VKYDwfIAAAAJ,2026-04-28
Gary L Miller,https://scholar.google.com/citations?user=umm-i20AAAAJ,2026-04-28
John Wilkes,https://scholar.google.com/citations?user=YSxdVBEAAAAJ,2026-04-28
Jon Crowcroft,https://scholar.google.com/citations?user=qnMs-XYAAAAJ,2026-04-28
Joseph Halpern,https://scholar.google.com/citations?user=FsBCAfgAAAAJ,2026-04-28
Mahadev Satyanarayanan,https://scholar.google.com/citations?user=0y6JDD4AAAAJ,2026-04-28
Neil Immerman,https://scholar.google.com/citations?user=DbZWZr8AAAAJ,2026-04-28
Pankaj Agarwal,https://scholar.google.com/citations?user=xe0eVksAAAAJ,2026-04-28
Mateo Valero,https://scholar.google.com/citations?user=MyT3cHQAAAAJ,2026-04-28
Ozalp Babaoglu,https://scholar.google.com/citations?user=r3bG1AUAAAAJ,2026-04-28
Susan Eggers,https://scholar.google.com/citations?user=CWpgflIAAAAJ,2026-04-28
Wen-Mei Hwu,https://scholar.google.com/citations?user=ohjQPx8AAAAJ,2026-04-28
William Dally,https://scholar.google.com/citations?user=YZHj-Y4AAAAJ,2026-04-28
Christos Papadimitriou,https://scholar.google.com/citations?user=rXYLXJMAAAAJ,2026-04-28
John Mark Pullen,https://scholar.google.com/citations?user=FvTjg7cAAAAJ,2026-04-28
Donald A. Norman,https://scholar.google.com/citations?user=h-2JebwAAAAJ,2026-04-28
Jack Dongarra,https://scholar.google.com/citations?user=X4SbSTAAAAAJ,2026-04-28
Pamela Zave,https://scholar.google.com/citations?user=QqvUgJsAAAAJ,2026-04-28
Hans-Joerg Schek,https://scholar.google.com/citations?user=RnabX4gAAAAJ,2026-04-28
Jacob Abraham,https://scholar.google.com/citations?user=rmkFbFsAAAAJ,2026-04-28
James Kurose,https://scholar.google.com/citations?user=219_uIcAAAAJ,2026-04-28
Janak H Patel,https://scholar.google.com/citations?user=z-T4bO0AAAAJ,2026-04-28
Jeffrey Kramer,https://scholar.google.com/citations?user=t-fuDjMAAAAJ,2026-04-28
Jin-Yi Cai,https://scholar.google.com/citations?user=Yn-Lm_QAAAAJ,2026-04-28
Johan DeKleer,https://scholar.google.com/citations?user=CwZjyjIAAAAJ,2026-04-28
John P Hayes,https://scholar.google.com/citations?user=a-qMWpwAAAAJ,2026-04-28
Jonathan Turner,https://scholar.google.com/citations?user=Cgx9W6UAAAAJ,2026-04-28
Kang Shin,https://scholar.google.com/citations?user=vY7MdLYAAAAJ,2026-04-28
Krishan K. Sabnani,https://scholar.google.com/citations?user=OWfYfb4AAAAJ,2026-04-28
Nick Roussopoulos,https://scholar.google.com/citations?user=tia0DoIE6XUJ,2026-04-28
Ouri Wolfson,https://scholar.google.com/citations?user=zGSP_osAAAAJ,2026-04-28
Philip A Bernstein,https://scholar.google.com/citations?user=6OEYXEIAAAAJ,2026-04-28
Prabhakar Raghavan,https://scholar.google.com/citations?user=FtMADIMAAAAJ,2026-04-28
Erol Gelenbe,https://scholar.google.com/citations?user=TShlArwAAAAJ,2026-04-28
Joan Feigenbaum,https://scholar.google.com/citations?user=IAeKTGsAAAAJ,2026-04-28
Raghu Ramakrishnan,https://scholar.google.com/citations?user=udZSrkYAAAAJ,2026-04-28
Ruby B Lee,https://scholar.google.com/citations?user=odeKATgAAAAJ,2026-04-28
Sitharama Iyengar,https://scholar.google.com/citations?user=eNONM8AAAAAJ,2026-04-28
Sung Mo Kang,https://scholar.google.com/citations?user=yJB9y2QAAAAJ,2026-04-28
Tetsuo Asano,https://scholar.google.com/citations?user=Oad1ijkAAAAJ,2026-04-28
Witold Litwin,https://scholar.google.com/citations?user=6Rbf6EUAAAAJ,2026-04-28
Yale Patt,https://scholar.google.com/citations?user=ycNJVd4AAAAJ,2026-04-28
Axel Van Lamsweerde,https://scholar.google.com/citations?user=KhZnymAAAAAJ,2026-04-28
David S Warren,https://scholar.google.com/citations?user=6DDwarUAAAAJ,2026-04-28
Deborah Estrin,https://scholar.google.com/citations?user=3_WYcR4AAAAJ,2026-04-28
Stuart K. Card,https://scholar.google.com/citations?user=ccCNF08AAAAJ,2026-04-28
Francine Berman,https://scholar.google.com/citations?user=HzqQ2wYAAAAJ,2026-04-28
Larry L Peterson,https://scholar.google.com/citations?user=hmq4rGIAAAAJ,2026-04-28
Michael Heath,https://scholar.google.com/citations?user=jPis1roAAAAJ,2026-04-28
Moshe Y Vardi,https://scholar.google.com/citations?user=DQaARsgAAAAJ,2026-04-28
Peter A Freeman,https://scholar.google.com/citations?user=1kW15d8AAAAJ,2026-04-28
Peter Buneman,https://scholar.google.com/citations?user=d9bq04sAAAAJ,2026-04-28
Prithviraj Banerjee,https://scholar.google.com/citations?user=ZmDUIeMAAAAJ,2026-04-28
Michael J Carey,https://scholar.google.com/citations?user=B8tFrksAAAAJ,2026-04-28
Reinhard Wilhelm,https://scholar.google.com/citations?user=cmvUbRUAAAAJ,2026-04-28
Robin Williams,https://scholar.google.com/citations?user=2RzHVjcAAAAJ,2026-04-28
Ronald Fagin,https://scholar.google.com/citations?user=ohL-Y50AAAAJ,2026-04-28
Ahmed Sameh,https://scholar.google.com/citations?user=hnfLvnIAAAAJ,2026-04-28
Carlo Ghezzi,https://scholar.google.com/citations?user=Y8BLBGcAAAAJ,2026-04-28
David MacQueen,https://scholar.google.com/citations?user=pxKA2w0AAAAJ,2026-04-28
Dhiraj Pradhan,https://scholar.google.com/citations?user=OETOceoAAAAJ,2026-04-28
James Demmel,https://scholar.google.com/citations?user=By1xdxEAAAAJ,2026-04-28
Ken Birman,https://scholar.google.com/citations?user=I-rKkyEAAAAJ,2026-04-28
Kurt Mehlhorn,https://scholar.google.com/citations?user=28CWXPUAAAAJ,2026-04-28
Leonidas Guibas,https://scholar.google.com/citations?user=5JlEyTAAAAAJ,2026-04-28
Marc Snir,https://scholar.google.com/citations?user=HaI6LesAAAAJ,2026-04-28
Mary Lou Soffa,https://scholar.google.com/citations?user=KWiJaj8AAAAJ,2026-04-28
Pamela Samuelson,https://scholar.google.com/citations?user=m1x1I0EAAAAJ,2026-04-28
Richard Snodgrass,https://scholar.google.com/citations?user=BkrB4awAAAAJ,2026-04-28
Ronald J. Brachman,https://scholar.google.com/citations?user=zMnT8BsAAAAJ,2026-04-28
Alan Selman,https://scholar.google.com/citations?user=8ExiKC0AAAAJ,2026-04-28
Andrew W Appel,https://scholar.google.com/citations?user=wC_ntLYAAAAJ,2026-04-28
Edmund Clarke,https://scholar.google.com/citations?user=_adL2C8AAAAJ,2026-04-28
Eva Tardos,https://scholar.google.com/citations?user=h6jljQQAAAAJ,2026-04-28
Gregory R Andrews,https://scholar.google.com/citations?user=4LCdnkYAAAAJ,2026-04-28
Jeannette M. Wing,https://scholar.google.com/citations?user=2NjS1dUAAAAJ,2026-04-28
John T Richards,https://scholar.google.com/citations?user=SwdqY_gAAAAJ,2026-04-28
Kai Li,https://scholar.google.com/citations?user=9MSpWOUAAAAJ,2026-04-28
Lawrence A Rowe,https://scholar.google.com/citations?user=f-48BdcAAAAJ,2026-04-28
Mihalis Yannakakis,https://scholar.google.com/citations?user=_pPy-pAAAAAJ,2026-04-28
Neil Jones,https://scholar.google.com/citations?user=GgHEYEIAAAAJ,2026-04-28
Peter P Chen,https://scholar.google.com/citations?user=5tVuggUAAAAJ,2026-04-28
Eugene H. Spafford,https://scholar.google.com/citations?user=MkC5kHcAAAAJ,2026-04-28
Richard N Taylor,https://scholar.google.com/citations?user=h9t7KCcAAAAJ,2026-04-28
Stuart Zweben,https://scholar.google.com/citations?user=CkaYDF0AAAAJ,2026-04-28
Alan C Shaw,https://scholar.google.com/citations?user=StrbFQ4AAAAJ,2026-04-28
Barry Boehm,https://scholar.google.com/citations?user=EyAD66UAAAAJ,2026-04-28
Ben Shneiderman,https://scholar.google.com/citations?user=h4i4fh8AAAAJ,2026-04-28
Bruce Croft,https://scholar.google.com/citations?user=ArV74ZMAAAAJ,2026-04-28
David P Dobkin,https://scholar.google.com/citations?user=nnr8YgwAAAAJ,2026-04-28
Der-Tsai Lee,https://scholar.google.com/citations?user=ZQuppV0AAAAJ,2026-04-28
Elaine Weyuker,https://scholar.google.com/citations?user=xXjQoLIAAAAJ,2026-04-28
Gordon B Davis,https://scholar.google.com/citations?user=9wvoCssAAAAJ,2026-04-28
Hector Garcia-Molina,https://scholar.google.com/citations?user=bAa___kAAAAJ,2026-04-28
Ian F Akyildiz,https://scholar.google.com/citations?user=rAGwv14AAAAJ,2026-04-28
Imrich Chlamtac,https://scholar.google.com/citations?user=bWqipasAAAAJ,2026-04-28
Micha Sharir,https://scholar.google.com/citations?user=jnEtxm4AAAAJ,2026-04-28
Nancy Lynch,https://scholar.google.com/citations?user=LPTkkxUAAAAJ,2026-04-28
Nicholas Pippenger,https://scholar.google.com/citations?user=W33jtKMAAAAJ,2026-04-28
Philip S Yu,https://scholar.google.com/citations?user=D0lL1r0AAAAJ,2026-04-28
Ron Perrott,https://scholar.google.com/citations?user=E276ScEAAAAJ,2026-04-28
Robert Sedgewick,https://scholar.google.com/citations?user=dc3FV3sAAAAJ,2026-04-28
Yuri Gurevich,https://scholar.google.com/citations?user=ZxZTbyAAAAAJ,2026-04-28
Bernard Chazelle,https://scholar.google.com/citations?user=C1VwgssAAAAJ,2026-04-28
Dennis Frailey,https://scholar.google.com/citations?user=DDr3hx8AAAAJ,2026-04-28
Jeffrey S. Vitter,https://scholar.google.com/citations?user=IeXW2bkAAAAJ,2026-04-28
Gregor V Bochmann,https://scholar.google.com/citations?user=nTTn0TIAAAAJ,2026-04-28
Hanan Samet,https://scholar.google.com/citations?user=ATOfqHEAAAAJ,2026-04-28
Henry M Levy,https://scholar.google.com/citations?user=ymwKqZsAAAAJ,2026-04-28
Ian Witten,https://scholar.google.com/citations?user=BSFdGw0AAAAJ,2026-04-28
Mark Wegman,https://scholar.google.com/citations?user=8VUDeVsAAAAJ,2026-04-28
Mary Jane Irwin,https://scholar.google.com/citations?user=4Mj-BjwAAAAJ,2026-04-28
Mary M Shaw,https://scholar.google.com/citations?user=CTXoO1AAAAAJ,2026-04-28
Narendra Ahuja,https://scholar.google.com/citations?user=dY7OSl0AAAAJ,2026-04-28
Narsingh Deo,https://scholar.google.com/citations?user=2uiQgfMAAAAJ,2026-04-28
Philip Heidelberger,https://scholar.google.com/citations?user=TvR9BgcAAAAJ,2026-04-28
Raj Jain,https://scholar.google.com/citations?user=runT3RsAAAAJ,2026-04-28
Edward M Reingold,https://scholar.google.com/citations?user=UlQeH7AAAAAJ,2026-04-28
John E Savage,https://scholar.google.com/citations?user=ASYT5QEAAAAJ,2026-04-28
Ravi Sethi,https://scholar.google.com/citations?user=ID4wZFwAAAAJ,2026-04-28
Richard R Muntz,https://scholar.google.com/citations?user=e9OxXgwAAAAJ,2026-04-28
Ruzena Bajcsy,https://scholar.google.com/citations?user=s9Ikf1EAAAAJ,2026-04-28
Takao Nishizeki,https://scholar.google.com/citations?user=EErO-dUAAAAJ,2026-04-28
Uzi Vishkin,https://scholar.google.com/citations?user=1r8HluQAAAAJ,2026-04-28
Chris S Wallace,https://scholar.google.com/citations?user=d7k7_7wAAAAJ,2026-04-28
David DeWitt,https://scholar.google.com/citations?user=6iBz3QgAAAAJ,2026-04-28
David S Johnson,https://scholar.google.com/citations?user=LyEq7qEAAAAJ,2026-04-28
Daniel J Rosenkrantz,https://scholar.google.com/citations?user=RNHJqvcAAAAJ,2026-04-28
John B Goodenough,https://scholar.google.com/citations?user=U8jmzF0AAAAJ,2026-04-28
Gerard Salton,https://scholar.google.com/citations?user=PmJ2544AAAAJ,2026-04-28
Gio Wiederhold,https://scholar.google.com/citations?user=fJiGhkoAAAAJ,2026-04-28
Henry Fuchs,https://scholar.google.com/citations?user=guhwcP8AAAAJ,2026-04-28
Jayadev Misra,https://scholar.google.com/citations?user=49uW_WcAAAAJ,2026-04-28
Lance Hoffman,https://scholar.google.com/citations?user=n3LNFXQAAAAJ,2026-04-28
Michael R Garey,https://scholar.google.com/citations?user=ppjLpNYAAAAJ,2026-04-28
Cliff B Jones,https://scholar.google.com/citations?user=W9m9SwwAAAAJ,2026-04-28
Richard E. Ladner,https://scholar.google.com/citations?user=hgOSI1EAAAAJ,2026-04-28
Richard P Brent,https://scholar.google.com/citations?user=TRcAF4cAAAAJ,2026-04-28
S Lakshmivarahan,https://scholar.google.com/citations?user=SverXLoAAAAJ,2026-04-28
Zvi Galil,https://scholar.google.com/citations?user=tI3m7CMAAAAJ,2026-04-28
Adele Goldberg,https://scholar.google.com/citations?user=aK42DkQAAAAJ,2026-04-28
Bjarne Stroustrup,https://scholar.google.com/citations?user=Rr9Y8acAAAAJ,2026-04-28
Bob O Evans,https://scholar.google.com/citations?user=BlOnsXMAAAAJ,2026-04-28
Bruce Lindsay,https://scholar.google.com/citations?user=YT1C7RIAAAAJ,2026-04-28
Burton Smith,https://scholar.google.com/citations?user=b6KgeNEAAAAJ,2026-04-28
C.L. Liu,https://scholar.google.com/citations?user=T_DdQlAAAAAJ,2026-04-28
Daniel Bobrow,https://scholar.google.com/citations?user=95OEG6IAAAAJ,2026-04-28
Daniel Siewiorek,https://scholar.google.com/citations?user=B13SvmAAAAAJ,2026-04-28
David Harel,https://scholar.google.com/citations?user=E20Gzu0AAAAJ,2026-04-28
David Lorge Parnas,https://scholar.google.com/citations?user=t8GDoiMAAAAJ,2026-04-28
David Patterson,https://scholar.google.com/citations?user=Wj4ZBFIAAAAJ,2026-04-28
Donald E Knuth,https://scholar.google.com/citations?user=t0yrrzQAAAAJ,2026-04-28
Harold Stone,https://scholar.google.com/citations?user=74JdpDAAAAAJ,2026-04-28
Frederick Brooks,https://scholar.google.com/citations?user=_h65cfgAAAAJ,2026-04-28
Guy L Steele,https://scholar.google.com/citations?user=Ur3sFscAAAAJ,2026-04-28
Jim Gray,https://scholar.google.com/citations?user=Dn4kkYUAAAAJ,2026-04-28
John McCarthy,https://scholar.google.com/citations?user=SuVID2wAAAAJ,2026-04-28
John Ousterhout,https://scholar.google.com/citations?user=nDH-AqwAAAAJ,2026-04-28
L A Zadeh,https://scholar.google.com/citations?user=S6H-0RAAAAAJ,2026-04-28
Peter Elias,https://scholar.google.com/citations?user=8BJBG7YAAAAJ,2026-04-28
Richard Karp,https://scholar.google.com/citations?user=bYp8FsAAAAAJ,2026-04-28
Ronald L Rivest,https://scholar.google.com/citations?user=6qE0tdAAAAAJ,2026-04-28
Susan S Owicki,https://scholar.google.com/citations?user=xWp3mKYAAAAJ,2026-04-28
